condition,architecture,prior,iteration,representation,concept,probe,metric,score,hyperparameter
flat_lm,flat,lm,5,h,log_num_candidates,ridge,r2,0.7159841198467043,100.0
flat_lm,flat,lm,5,h,timestep,ridge,r2,0.9849205017089844,10.0
flat_lm,flat,lm,5,h,green_count,ridge,r2,0.7502001523971558,100.0
flat_lm,flat,lm,5,h,green_position_0,logistic,balanced_accuracy,0.8922476876243999,100.0
flat_lm,flat,lm,5,h,green_position_1,logistic,balanced_accuracy,0.9259293571540022,10.0
flat_lm,flat,lm,5,h,green_position_2,logistic,balanced_accuracy,0.9060656734569779,1.0
flat_lm,flat,lm,5,h,green_position_3,logistic,balanced_accuracy,0.860928326132713,1.0
flat_lm,flat,lm,5,h,green_position_4,logistic,balanced_accuracy,0.9185533123273817,1.0
flat_lm,flat,lm,10,h,log_num_candidates,ridge,r2,0.7101950008467459,100.0
flat_lm,flat,lm,10,h,timestep,ridge,r2,0.9866293668746948,10.0
flat_lm,flat,lm,10,h,green_count,ridge,r2,0.7046102285385132,10.0
flat_lm,flat,lm,10,h,green_position_0,logistic,balanced_accuracy,0.9221768528275378,10.0
flat_lm,flat,lm,10,h,green_position_1,logistic,balanced_accuracy,0.9168405757528475,100.0
flat_lm,flat,lm,10,h,green_position_2,logistic,balanced_accuracy,0.9129826695044087,100.0
flat_lm,flat,lm,10,h,green_position_3,logistic,balanced_accuracy,0.8523374321480004,1.0
flat_lm,flat,lm,10,h,green_position_4,logistic,balanced_accuracy,0.928842338662621,1.0
flat_lm,flat,lm,15,h,log_num_candidates,ridge,r2,0.7138029044774361,100.0
flat_lm,flat,lm,15,h,timestep,ridge,r2,0.9881046414375305,10.0
flat_lm,flat,lm,15,h,green_count,ridge,r2,0.7587524056434631,10.0
flat_lm,flat,lm,15,h,green_position_0,logistic,balanced_accuracy,0.9179106661983374,10.0
flat_lm,flat,lm,15,h,green_position_1,logistic,balanced_accuracy,0.9341550943985022,100.0
flat_lm,flat,lm,15,h,green_position_2,logistic,balanced_accuracy,0.8766595723117463,10.0
flat_lm,flat,lm,15,h,green_position_3,logistic,balanced_accuracy,0.8716350947158524,10.0
flat_lm,flat,lm,15,h,green_position_4,logistic,balanced_accuracy,0.9403810246236434,10.0
flat_lm,flat,lm,20,h,log_num_candidates,ridge,r2,0.7228789360973971,100.0
flat_lm,flat,lm,20,h,timestep,ridge,r2,0.9863025546073914,1.0
flat_lm,flat,lm,20,h,green_count,ridge,r2,0.7626072764396667,10.0
flat_lm,flat,lm,20,h,green_position_0,logistic,balanced_accuracy,0.9153348554033485,1.0
flat_lm,flat,lm,20,h,green_position_1,logistic,balanced_accuracy,0.9227746138243096,100.0
flat_lm,flat,lm,20,h,green_position_2,logistic,balanced_accuracy,0.8820006080875646,10.0
flat_lm,flat,lm,20,h,green_position_3,logistic,balanced_accuracy,0.8646948044754625,100.0
flat_lm,flat,lm,20,h,green_position_4,logistic,balanced_accuracy,0.9373322441358385,10.0
flat_lm,flat,lm,25,h,log_num_candidates,ridge,r2,0.7176365841207653,100.0
flat_lm,flat,lm,25,h,timestep,ridge,r2,0.9854761362075806,1.0
flat_lm,flat,lm,25,h,green_count,ridge,r2,0.7891536355018616,10.0
flat_lm,flat,lm,25,h,green_position_0,logistic,balanced_accuracy,0.9204645240604146,100.0
flat_lm,flat,lm,25,h,green_position_1,logistic,balanced_accuracy,0.9405035887033859,100.0
flat_lm,flat,lm,25,h,green_position_2,logistic,balanced_accuracy,0.8859531772575251,100.0
flat_lm,flat,lm,25,h,green_position_3,logistic,balanced_accuracy,0.8669269967874156,10.0
flat_lm,flat,lm,25,h,green_position_4,logistic,balanced_accuracy,0.9523427471116817,10.0
flat_lm,flat,lm,30,h,log_num_candidates,ridge,r2,0.7315207587492332,10.0
flat_lm,flat,lm,30,h,timestep,ridge,r2,0.9858055710792542,1.0
flat_lm,flat,lm,30,h,green_count,ridge,r2,0.7972335815429688,10.0
flat_lm,flat,lm,30,h,green_position_0,logistic,balanced_accuracy,0.9375585411544316,100.0
flat_lm,flat,lm,30,h,green_position_1,logistic,balanced_accuracy,0.936710095178655,10.0
flat_lm,flat,lm,30,h,green_position_2,logistic,balanced_accuracy,0.8991740143914058,100.0
flat_lm,flat,lm,30,h,green_position_3,logistic,balanced_accuracy,0.8794006868284037,100.0
flat_lm,flat,lm,30,h,green_position_4,logistic,balanced_accuracy,0.9469016221262692,100.0
flat_lm,flat,lm,35,h,log_num_candidates,ridge,r2,0.738665699173229,10.0
flat_lm,flat,lm,35,h,timestep,ridge,r2,0.9817318916320801,1.0
flat_lm,flat,lm,35,h,green_count,ridge,r2,0.7774683237075806,10.0
flat_lm,flat,lm,35,h,green_position_0,logistic,balanced_accuracy,0.9196083596768528,100.0
flat_lm,flat,lm,35,h,green_position_1,logistic,balanced_accuracy,0.9278456077391168,100.0
flat_lm,flat,lm,35,h,green_position_2,logistic,balanced_accuracy,0.8966099118273032,100.0
flat_lm,flat,lm,35,h,green_position_3,logistic,balanced_accuracy,0.8698681732580038,1.0
flat_lm,flat,lm,35,h,green_position_4,logistic,balanced_accuracy,0.9520461352938888,100.0
flat_lm,flat,lm,40,h,log_num_candidates,ridge,r2,0.7519927909389067,10.0
flat_lm,flat,lm,40,h,timestep,ridge,r2,0.9790980219841003,10.0
flat_lm,flat,lm,40,h,green_count,ridge,r2,0.7809735536575317,10.0
flat_lm,flat,lm,40,h,green_position_0,logistic,balanced_accuracy,0.9025216602271396,100.0
flat_lm,flat,lm,40,h,green_position_1,logistic,balanced_accuracy,0.9360713449836168,10.0
flat_lm,flat,lm,40,h,green_position_2,logistic,balanced_accuracy,0.8908938887199757,100.0
flat_lm,flat,lm,40,h,green_position_3,logistic,balanced_accuracy,0.8835161183117315,100.0
flat_lm,flat,lm,40,h,green_position_4,logistic,balanced_accuracy,0.9533590072742832,100.0
flat_lm,flat,lm,45,h,log_num_candidates,ridge,r2,0.7495905505339497,10.0
flat_lm,flat,lm,45,h,timestep,ridge,r2,0.9785383939743042,10.0
flat_lm,flat,lm,45,h,green_count,ridge,r2,0.7876076102256775,10.0
flat_lm,flat,lm,45,h,green_position_0,logistic,balanced_accuracy,0.9093563400070249,10.0
flat_lm,flat,lm,45,h,green_position_1,logistic,balanced_accuracy,0.9368222421594632,1.0
flat_lm,flat,lm,45,h,green_position_2,logistic,balanced_accuracy,0.8908938887199757,10.0
flat_lm,flat,lm,45,h,green_position_3,logistic,balanced_accuracy,0.8786917026697685,10.0
flat_lm,flat,lm,45,h,green_position_4,logistic,balanced_accuracy,0.9495905784416696,10.0
flat_lm,flat,lm,50,h,log_num_candidates,ridge,r2,0.7536387365832372,10.0
flat_lm,flat,lm,50,h,timestep,ridge,r2,0.9771079421043396,10.0
flat_lm,flat,lm,50,h,green_count,ridge,r2,0.7913237810134888,10.0
flat_lm,flat,lm,50,h,green_position_0,logistic,balanced_accuracy,0.8999531670764547,10.0
flat_lm,flat,lm,50,h,green_position_1,logistic,balanced_accuracy,0.9360713449836168,100.0
flat_lm,flat,lm,50,h,green_position_2,logistic,balanced_accuracy,0.8780733758994628,100.0
flat_lm,flat,lm,50,h,green_position_3,logistic,balanced_accuracy,0.8502215575495735,100.0
flat_lm,flat,lm,50,h,green_position_4,logistic,balanced_accuracy,0.9550317034270821,10.0
flat_lm,flat,lm,55,h,log_num_candidates,ridge,r2,0.7338331974204189,100.0
flat_lm,flat,lm,55,h,timestep,ridge,r2,0.9752382040023804,1.0
flat_lm,flat,lm,55,h,green_count,ridge,r2,0.7938714027404785,10.0
flat_lm,flat,lm,55,h,green_position_0,logistic,balanced_accuracy,0.9144860086640909,100.0
flat_lm,flat,lm,55,h,green_position_1,logistic,balanced_accuracy,0.9405035887033859,100.0
flat_lm,flat,lm,55,h,green_position_2,logistic,balanced_accuracy,0.9001621566838958,10.0
flat_lm,flat,lm,55,h,green_position_3,logistic,balanced_accuracy,0.8589287692478121,100.0
flat_lm,flat,lm,55,h,green_position_4,logistic,balanced_accuracy,0.9461819737814603,10.0
flat_lm,flat,lm,60,h,log_num_candidates,ridge,r2,0.7305446075547422,100.0
flat_lm,flat,lm,60,h,timestep,ridge,r2,0.9757572412490845,1.0
flat_lm,flat,lm,60,h,green_count,ridge,r2,0.5407387614250183,10000.0
flat_lm,flat,lm,60,h,green_position_0,logistic,balanced_accuracy,0.9187595129375952,100.0
flat_lm,flat,lm,60,h,green_position_1,logistic,balanced_accuracy,0.9292352551100016,100.0
flat_lm,flat,lm,60,h,green_position_2,logistic,balanced_accuracy,0.9084422823553258,1.0
flat_lm,flat,lm,60,h,green_position_3,logistic,balanced_accuracy,0.8697518555444776,10.0
flat_lm,flat,lm,60,h,green_position_4,logistic,balanced_accuracy,0.9625053487376979,10.0
flat_lm,flat,lm,65,h,log_num_candidates,ridge,r2,0.7444716489225158,10.0
flat_lm,flat,lm,65,h,timestep,ridge,r2,0.9750611186027527,1.0
flat_lm,flat,lm,65,h,green_count,ridge,r2,0.7903201580047607,10.0
flat_lm,flat,lm,65,h,green_position_0,logistic,balanced_accuracy,0.9444005385786207,10.0
flat_lm,flat,lm,65,h,green_position_1,logistic,balanced_accuracy,0.9470763769698861,100.0
flat_lm,flat,lm,65,h,green_position_2,logistic,balanced_accuracy,0.8958092632005675,1.0
flat_lm,flat,lm,65,h,green_position_3,logistic,balanced_accuracy,0.8764595103578154,100.0
flat_lm,flat,lm,65,h,green_position_4,logistic,balanced_accuracy,0.9646010814175128,10.0
flat_lm,flat,lm,70,h,log_num_candidates,ridge,r2,0.7328887149455219,100.0
flat_lm,flat,lm,70,h,timestep,ridge,r2,0.9777784943580627,1.0
flat_lm,flat,lm,70,h,green_count,ridge,r2,0.7769506573677063,10.0
flat_lm,flat,lm,70,h,green_position_0,logistic,balanced_accuracy,0.9255941927174804,10.0
flat_lm,flat,lm,70,h,green_position_1,logistic,balanced_accuracy,0.9316391012638476,100.0
flat_lm,flat,lm,70,h,green_position_2,logistic,balanced_accuracy,0.9074541400628358,100.0
flat_lm,flat,lm,70,h,green_position_3,logistic,balanced_accuracy,0.8777500830840811,1.0
flat_lm,flat,lm,70,h,green_position_4,logistic,balanced_accuracy,0.96525751740771,100.0
flat_lm,flat,lm,75,h,log_num_candidates,ridge,r2,0.6432197846698076,10.0
flat_lm,flat,lm,75,h,timestep,ridge,r2,0.8706092238426208,1.0
flat_lm,flat,lm,75,h,green_count,ridge,r2,-0.4023439884185791,10.0
flat_lm,flat,lm,75,h,green_position_0,logistic,balanced_accuracy,0.926457674745346,100.0
flat_lm,flat,lm,75,h,green_position_1,logistic,balanced_accuracy,0.9319024028709627,100.0
flat_lm,flat,lm,75,h,green_position_2,logistic,balanced_accuracy,0.9125823451910409,100.0
flat_lm,flat,lm,75,h,green_position_3,logistic,balanced_accuracy,0.8649274399025146,100.0
flat_lm,flat,lm,75,h,green_position_4,logistic,balanced_accuracy,0.9656173415801144,10.0
flat_lm,flat,lm,80,h,log_num_candidates,ridge,r2,0.7432320883956413,100.0
flat_lm,flat,lm,80,h,timestep,ridge,r2,0.9751963019371033,1.0
flat_lm,flat,lm,80,h,green_count,ridge,r2,0.782342255115509,10.0
flat_lm,flat,lm,80,h,green_position_0,logistic,balanced_accuracy,0.9256015103617843,100.0
flat_lm,flat,lm,80,h,green_position_1,logistic,balanced_accuracy,0.9394893899204244,10.0
flat_lm,flat,lm,80,h,green_position_2,logistic,balanced_accuracy,0.9119945272119185,100.0
flat_lm,flat,lm,80,h,green_position_3,logistic,balanced_accuracy,0.8755178907721282,10.0
flat_lm,flat,lm,80,h,green_position_4,logistic,balanced_accuracy,0.9635848212549112,1.0
flat_lm,flat,lm,85,h,log_num_candidates,ridge,r2,0.7578155225831349,10.0
flat_lm,flat,lm,85,h,timestep,ridge,r2,0.9756463766098022,1.0
flat_lm,flat,lm,85,h,green_count,ridge,r2,0.7760714292526245,10.0
flat_lm,flat,lm,85,h,green_position_0,logistic,balanced_accuracy,0.9196156773211568,100.0
flat_lm,flat,lm,85,h,green_position_1,logistic,balanced_accuracy,0.9278456077391168,100.0
flat_lm,flat,lm,85,h,green_position_2,logistic,balanced_accuracy,0.9048900374987332,100.0
flat_lm,flat,lm,85,h,green_position_3,logistic,balanced_accuracy,0.8939902514678189,1.0
flat_lm,flat,lm,85,h,green_position_4,logistic,balanced_accuracy,0.9700422064029253,100.0
flat_lm,flat,lm,90,h,log_num_candidates,ridge,r2,0.758454389600829,10.0
flat_lm,flat,lm,90,h,timestep,ridge,r2,0.9741054773330688,10.0
flat_lm,flat,lm,90,h,green_count,ridge,r2,0.768038809299469,10.0
flat_lm,flat,lm,90,h,green_position_0,logistic,balanced_accuracy,0.9221768528275378,100.0
flat_lm,flat,lm,90,h,green_position_1,logistic,balanced_accuracy,0.9292352551100016,100.0
flat_lm,flat,lm,90,h,green_position_2,logistic,balanced_accuracy,0.891481706699098,100.0
flat_lm,flat,lm,90,h,green_position_3,logistic,balanced_accuracy,0.8616373102913482,100.0
flat_lm,flat,lm,90,h,green_position_4,logistic,balanced_accuracy,0.9656173415801144,1.0
flat_lm,flat,lm,95,h,log_num_candidates,ridge,r2,0.7638289034040824,10.0
flat_lm,flat,lm,95,h,timestep,ridge,r2,0.9757824540138245,1.0
flat_lm,flat,lm,95,h,green_count,ridge,r2,0.7687846422195435,10.0
flat_lm,flat,lm,95,h,green_position_0,logistic,balanced_accuracy,0.9273065214846037,100.0
flat_lm,flat,lm,95,h,green_position_1,logistic,balanced_accuracy,0.9292352551100016,10.0
flat_lm,flat,lm,95,h,green_position_2,logistic,balanced_accuracy,0.8920695246782203,100.0
flat_lm,flat,lm,95,h,green_position_3,logistic,balanced_accuracy,0.894222886894871,1.0
flat_lm,flat,lm,95,h,green_position_4,logistic,balanced_accuracy,0.977515851713541,100.0
flat_lm,flat,lm,100,h,log_num_candidates,ridge,r2,0.7641013831091157,10.0
flat_lm,flat,lm,100,h,timestep,ridge,r2,0.9755883812904358,10.0
flat_lm,flat,lm,100,h,green_count,ridge,r2,0.7683663368225098,10.0
flat_lm,flat,lm,100,h,green_position_0,logistic,balanced_accuracy,0.9196010420325489,1.0
flat_lm,flat,lm,100,h,green_position_1,logistic,balanced_accuracy,0.9358080433765017,100.0
flat_lm,flat,lm,100,h,green_position_2,logistic,balanced_accuracy,0.8865409952366474,1.0
flat_lm,flat,lm,100,h,green_position_3,logistic,balanced_accuracy,0.8856319929101584,1.0
flat_lm,flat,lm,100,h,green_position_4,logistic,balanced_accuracy,0.9672900377329132,10.0
flat_random,flat,random,5,h,log_num_candidates,ridge,r2,0.720693690417208,100.0
flat_random,flat,random,5,h,timestep,ridge,r2,0.9922337532043457,1.0
flat_random,flat,random,5,h,green_count,ridge,r2,0.6812978982925415,100.0
flat_random,flat,random,5,h,green_position_0,logistic,balanced_accuracy,0.8956869804472545,100.0
flat_random,flat,random,5,h,green_position_1,logistic,balanced_accuracy,0.8998624980496177,10.0
flat_random,flat,random,5,h,green_position_2,logistic,balanced_accuracy,0.877059896625114,100.0
flat_random,flat,random,5,h,green_position_3,logistic,balanced_accuracy,0.8795170045419298,10.0
flat_random,flat,random,5,h,green_position_4,logistic,balanced_accuracy,0.910360018671957,10.0
flat_random,flat,random,10,h,log_num_candidates,ridge,r2,-11.754587959349044,10.0
flat_random,flat,random,10,h,timestep,ridge,r2,0.9208266735076904,1.0
flat_random,flat,random,10,h,green_count,ridge,r2,-11.535873413085938,10.0
flat_random,flat,random,10,h,green_position_0,logistic,balanced_accuracy,0.8879595480622878,100.0
flat_random,flat,random,10,h,green_position_1,logistic,balanced_accuracy,0.9163139725386176,100.0
flat_random,flat,random,10,h,green_position_2,logistic,balanced_accuracy,0.9137579811492855,100.0
flat_random,flat,random,10,h,green_position_3,logistic,balanced_accuracy,0.8864572947823197,10.0
flat_random,flat,random,10,h,green_position_4,logistic,balanced_accuracy,0.9034795969969269,10.0
flat_random,flat,random,15,h,log_num_candidates,ridge,r2,0.7491058162928081,10.0
flat_random,flat,random,15,h,timestep,ridge,r2,0.990463137626648,1.0
flat_random,flat,random,15,h,green_count,ridge,r2,0.7546332478523254,10.0
flat_random,flat,random,15,h,green_position_0,logistic,balanced_accuracy,0.8631673691605198,1.0
flat_random,flat,random,15,h,green_position_1,logistic,balanced_accuracy,0.9087269854891559,1.0
flat_random,flat,random,15,h,green_position_2,logistic,balanced_accuracy,0.884965034965035,10.0
flat_random,flat,random,15,h,green_position_3,logistic,balanced_accuracy,0.8766921457848675,10.0
flat_random,flat,random,15,h,green_position_4,logistic,balanced_accuracy,0.9300919982884039,100.0
flat_random,flat,random,20,h,log_num_candidates,ridge,r2,0.7513397461430548,10.0
flat_random,flat,random,20,h,timestep,ridge,r2,0.9927505254745483,1.0
flat_random,flat,random,20,h,green_count,ridge,r2,0.7645206451416016,10.0
flat_random,flat,random,20,h,green_position_0,logistic,balanced_accuracy,0.9127663622526636,100.0
flat_random,flat,random,20,h,green_position_1,logistic,balanced_accuracy,0.9151876267748479,10.0
flat_random,flat,random,20,h,green_position_2,logistic,balanced_accuracy,0.9066788284179589,10.0
flat_random,flat,random,20,h,green_position_3,logistic,balanced_accuracy,0.867984934086629,1.0
flat_random,flat,random,20,h,green_position_4,logistic,balanced_accuracy,0.9308116466332127,10.0
flat_random,flat,random,25,h,log_num_candidates,ridge,r2,0.711259090600541,100.0
flat_random,flat,random,25,h,timestep,ridge,r2,0.9928410053253174,1.0
flat_random,flat,random,25,h,green_count,ridge,r2,0.7698432803153992,10.0
flat_random,flat,random,25,h,green_position_0,logistic,balanced_accuracy,0.9136078913476173,100.0
flat_random,flat,random,25,h,green_position_1,logistic,balanced_accuracy,0.9223991652363863,10.0
flat_random,flat,random,25,h,green_position_2,logistic,balanced_accuracy,0.885578189926016,10.0
flat_random,flat,random,25,h,green_position_3,logistic,balanced_accuracy,0.9010468594217348,10.0
flat_random,flat,random,25,h,green_position_4,logistic,balanced_accuracy,0.9321245186136071,100.0
flat_random,flat,random,30,h,log_num_candidates,ridge,r2,0.7503237697994249,10.0
flat_random,flat,random,30,h,timestep,ridge,r2,0.9927444458007812,1.0
flat_random,flat,random,30,h,green_count,ridge,r2,0.7567154169082642,10.0
flat_random,flat,random,30,h,green_position_0,logistic,balanced_accuracy,0.906773211567732,100.0
flat_random,flat,random,30,h,green_position_1,logistic,balanced_accuracy,0.9203707676704633,100.0
flat_random,flat,random,30,h,green_position_2,logistic,balanced_accuracy,0.8930576669707104,10.0
flat_random,flat,random,30,h,green_position_3,logistic,balanced_accuracy,0.897047745651933,100.0
flat_random,flat,random,30,h,green_position_4,logistic,balanced_accuracy,0.9382852919438285,100.0
flat_random,flat,random,35,h,log_num_candidates,ridge,r2,0.7181733680794229,100.0
flat_random,flat,random,35,h,timestep,ridge,r2,0.9924648404121399,1.0
flat_random,flat,random,35,h,green_count,ridge,r2,0.7600401639938354,1.0
flat_random,flat,random,35,h,green_position_0,logistic,balanced_accuracy,0.9187448776489873,100.0
flat_random,flat,random,35,h,green_position_1,logistic,balanced_accuracy,0.9261926587611171,10.0
flat_random,flat,random,35,h,green_position_2,logistic,balanced_accuracy,0.9037144015404885,100.0
flat_random,flat,random,35,h,green_position_3,logistic,balanced_accuracy,0.901279494848787,10.0
flat_random,flat,random,35,h,green_position_4,logistic,balanced_accuracy,0.9444460652740498,100.0
flat_random,flat,random,40,h,log_num_candidates,ridge,r2,0.7592443826881983,10.0
flat_random,flat,random,40,h,timestep,ridge,r2,0.9923356771469116,0.1
flat_random,flat,random,40,h,green_count,ridge,r2,0.7525367140769958,1.0
flat_random,flat,random,40,h,green_position_0,logistic,balanced_accuracy,0.9016435429106662,100.0
flat_random,flat,random,40,h,green_position_1,logistic,balanced_accuracy,0.9231500624122329,100.0
flat_random,flat,random,40,h,green_position_2,logistic,balanced_accuracy,0.884965034965035,1.0
flat_random,flat,random,40,h,green_position_3,logistic,balanced_accuracy,0.9010468594217348,100.0
flat_random,flat,random,40,h,green_position_4,logistic,balanced_accuracy,0.9318279067958144,100.0
flat_random,flat,random,45,h,log_num_candidates,ridge,r2,0.7618673542809646,10.0
flat_random,flat,random,45,h,timestep,ridge,r2,0.9927060008049011,1.0
flat_random,flat,random,45,h,green_count,ridge,r2,0.7320619821548462,1.0
flat_random,flat,random,45,h,green_position_0,logistic,balanced_accuracy,0.9008020138157125,100.0
flat_random,flat,random,45,h,green_position_1,logistic,balanced_accuracy,0.9237888126072711,100.0
flat_random,flat,random,45,h,green_position_2,logistic,balanced_accuracy,0.8938329786155873,100.0
flat_random,flat,random,45,h,green_position_3,logistic,balanced_accuracy,0.8796333222554558,10.0
flat_random,flat,random,45,h,green_position_4,logistic,balanced_accuracy,0.9270432178005991,10.0
flat_random,flat,random,50,h,log_num_candidates,ridge,r2,0.7567452271711159,10.0
flat_random,flat,random,50,h,timestep,ridge,r2,0.9919704794883728,0.1
flat_random,flat,random,50,h,green_count,ridge,r2,0.7462596297264099,1.0
flat_random,flat,random,50,h,green_position_0,logistic,balanced_accuracy,0.9008020138157125,100.0
flat_random,flat,random,50,h,green_position_1,logistic,balanced_accuracy,0.9189811202995787,100.0
flat_random,flat,random,50,h,green_position_2,logistic,balanced_accuracy,0.8962095875139353,100.0
flat_random,flat,random,50,h,green_position_3,logistic,balanced_accuracy,0.8981056829511466,10.0
flat_random,flat,random,50,h,green_position_4,logistic,balanced_accuracy,0.9324843427860117,100.0
flat_random,flat,random,55,h,log_num_candidates,ridge,r2,0.7578655680318513,10.0
flat_random,flat,random,55,h,timestep,ridge,r2,0.992544949054718,1.0
flat_random,flat,random,55,h,green_count,ridge,r2,0.7485190033912659,1.0
flat_random,flat,random,55,h,green_position_0,logistic,balanced_accuracy,0.9272992038402997,10.0
flat_random,flat,random,55,h,green_position_1,logistic,balanced_accuracy,0.9079760883133094,100.0
flat_random,flat,random,55,h,green_position_2,logistic,balanced_accuracy,0.895621769534813,100.0
flat_random,flat,random,55,h,green_position_3,logistic,balanced_accuracy,0.8989309848233078,100.0
flat_random,flat,random,55,h,green_position_4,logistic,balanced_accuracy,0.9290757381258024,100.0
flat_random,flat,random,60,h,log_num_candidates,ridge,r2,0.761923872219202,10.0
flat_random,flat,random,60,h,timestep,ridge,r2,0.9928352236747742,1.0
flat_random,flat,random,60,h,green_count,ridge,r2,0.7509012818336487,1.0
flat_random,flat,random,60,h,green_position_0,logistic,balanced_accuracy,0.9084855403348554,10.0
flat_random,flat,random,60,h,green_position_1,logistic,balanced_accuracy,0.9196198704946169,100.0
flat_random,flat,random,60,h,green_position_2,logistic,balanced_accuracy,0.8975980541197932,100.0
flat_random,flat,random,60,h,green_position_3,logistic,balanced_accuracy,0.8841087847568406,100.0
flat_random,flat,random,60,h,green_position_4,logistic,balanced_accuracy,0.93146808262341,10.0
flat_random,flat,random,65,h,log_num_candidates,ridge,r2,0.7627268530550176,10.0
flat_random,flat,random,65,h,timestep,ridge,r2,0.9923123717308044,1.0
flat_random,flat,random,65,h,green_count,ridge,r2,0.7626511454582214,10.0
flat_random,flat,random,65,h,green_position_0,logistic,balanced_accuracy,0.9110540334855404,100.0
flat_random,flat,random,65,h,green_position_1,logistic,balanced_accuracy,0.9001257996567327,10.0
flat_random,flat,random,65,h,green_position_2,logistic,balanced_accuracy,0.8841897233201581,100.0
flat_random,flat,random,65,h,green_position_3,logistic,balanced_accuracy,0.8901074554115431,100.0
flat_random,flat,random,65,h,green_position_4,logistic,balanced_accuracy,0.9246508733029914,100.0
flat_random,flat,random,70,h,log_num_candidates,ridge,r2,0.5702513390688393,10.0
flat_random,flat,random,70,h,timestep,ridge,r2,0.9911565184593201,1.0
flat_random,flat,random,70,h,green_count,ridge,r2,0.6796720027923584,10.0
flat_random,flat,random,70,h,green_position_0,logistic,balanced_accuracy,0.9281480505795574,10.0
flat_random,flat,random,70,h,green_position_1,logistic,balanced_accuracy,0.8906225620221564,100.0
flat_random,flat,random,70,h,green_position_2,logistic,balanced_accuracy,0.8889176041349954,100.0
flat_random,flat,random,70,h,green_position_3,logistic,balanced_accuracy,0.8919906945829179,100.0
flat_random,flat,random,70,h,green_position_4,logistic,balanced_accuracy,0.9294355622982067,10.0
flat_random,flat,random,75,h,log_num_candidates,ridge,r2,0.7556980778845301,10.0
flat_random,flat,random,75,h,timestep,ridge,r2,0.9912804961204529,1.0
flat_random,flat,random,75,h,green_count,ridge,r2,0.7629097104072571,1.0
flat_random,flat,random,75,h,green_position_0,logistic,balanced_accuracy,0.9178960309097295,100.0
flat_random,flat,random,75,h,green_position_1,logistic,balanced_accuracy,0.9039192931814636,100.0
flat_random,flat,random,75,h,green_position_2,logistic,balanced_accuracy,0.8904935644066079,100.0
flat_random,flat,random,75,h,green_position_3,logistic,balanced_accuracy,0.8910490749972305,10.0
flat_random,flat,random,75,h,green_position_4,logistic,balanced_accuracy,0.9362527716186253,100.0
flat_random,flat,random,80,h,log_num_candidates,ridge,r2,0.7613844090129038,10.0
flat_random,flat,random,80,h,timestep,ridge,r2,0.9910076856613159,1.0
flat_random,flat,random,80,h,green_count,ridge,r2,0.760077178478241,10.0
flat_random,flat,random,80,h,green_position_0,logistic,balanced_accuracy,0.9161910197869102,100.0
flat_random,flat,random,80,h,green_position_1,logistic,balanced_accuracy,0.9152997737556561,100.0
flat_random,flat,random,80,h,green_position_2,logistic,balanced_accuracy,0.8634640721597244,100.0
flat_random,flat,random,80,h,green_position_3,logistic,balanced_accuracy,0.8862246593552675,10.0
flat_random,flat,random,80,h,green_position_4,logistic,balanced_accuracy,0.9352365114560237,100.0
flat_random,flat,random,85,h,log_num_candidates,ridge,r2,0.7583119871379153,10.0
flat_random,flat,random,85,h,timestep,ridge,r2,0.9919895529747009,1.0
flat_random,flat,random,85,h,green_count,ridge,r2,0.763683021068573,10.0
flat_random,flat,random,85,h,green_position_0,logistic,balanced_accuracy,0.9255868750731764,10.0
flat_random,flat,random,85,h,green_position_1,logistic,balanced_accuracy,0.9095900296458106,100.0
flat_random,flat,random,85,h,green_position_2,logistic,balanced_accuracy,0.8843772169859127,10.0
flat_random,flat,random,85,h,green_position_3,logistic,balanced_accuracy,0.8801096709870389,100.0
flat_random,flat,random,85,h,green_position_4,logistic,balanced_accuracy,0.9410374606138405,100.0
flat_random,flat,random,90,h,log_num_candidates,ridge,r2,0.7610295182945261,10.0
flat_random,flat,random,90,h,timestep,ridge,r2,0.9917064905166626,1.0
flat_random,flat,random,90,h,green_count,ridge,r2,0.7807045578956604,1.0
flat_random,flat,random,90,h,green_position_0,logistic,balanced_accuracy,0.9050828357335207,100.0
flat_random,flat,random,90,h,green_position_1,logistic,balanced_accuracy,0.9036559915743485,100.0
flat_random,flat,random,90,h,green_position_2,logistic,balanced_accuracy,0.8859531772575251,10.0
flat_random,flat,random,90,h,green_position_3,logistic,balanced_accuracy,0.8823418632989919,100.0
flat_random,flat,random,90,h,green_position_4,logistic,balanced_accuracy,0.9424135449488467,10.0
flat_random,flat,random,95,h,log_num_candidates,ridge,r2,0.7614531342363614,10.0
flat_random,flat,random,95,h,timestep,ridge,r2,0.991725504398346,1.0
flat_random,flat,random,95,h,green_count,ridge,r2,0.769690990447998,1.0
flat_random,flat,random,95,h,green_position_0,logistic,balanced_accuracy,0.9170471841704718,100.0
flat_random,flat,random,95,h,green_position_1,logistic,balanced_accuracy,0.9025296458105789,100.0
flat_random,flat,random,95,h,green_position_2,logistic,balanced_accuracy,0.8758842606668693,100.0
flat_random,flat,random,95,h,green_position_3,logistic,balanced_accuracy,0.868344965104686,100.0
flat_random,flat,random,95,h,green_position_4,logistic,balanced_accuracy,0.9373322441358385,10.0
flat_random,flat,random,100,h,log_num_candidates,ridge,r2,0.744235523701668,1.0
flat_random,flat,random,100,h,timestep,ridge,r2,0.9918509721755981,1.0
flat_random,flat,random,100,h,green_count,ridge,r2,0.7780281901359558,1.0
flat_random,flat,random,100,h,green_position_0,logistic,balanced_accuracy,0.8948234984193888,100.0
flat_random,flat,random,100,h,green_position_1,logistic,balanced_accuracy,0.8964444531128101,100.0
flat_random,flat,random,100,h,green_position_2,logistic,balanced_accuracy,0.9054778554778555,100.0
flat_random,flat,random,100,h,green_position_3,logistic,balanced_accuracy,0.8783427495291902,10.0
flat_random,flat,random,100,h,green_position_4,logistic,balanced_accuracy,0.9383485042984401,100.0
hrl_lm,hrl,lm,5,high,log_num_candidates,ridge,r2,0.6662368093440966,1000.0
hrl_lm,hrl,lm,5,high,timestep,ridge,r2,0.981436014175415,1000.0
hrl_lm,hrl,lm,5,high,green_count,ridge,r2,0.4658913016319275,1000.0
hrl_lm,hrl,lm,5,high,green_position_0,logistic,balanced_accuracy,0.8665993443390704,0.1
hrl_lm,hrl,lm,5,high,green_position_1,logistic,balanced_accuracy,0.8637657980964268,0.1
hrl_lm,hrl,lm,5,high,green_position_2,logistic,balanced_accuracy,0.8802118171683389,10.0
hrl_lm,hrl,lm,5,high,green_position_3,logistic,balanced_accuracy,0.8402126952475906,0.1
hrl_lm,hrl,lm,5,high,green_position_4,logistic,balanced_accuracy,0.8875160462130938,1.0
hrl_lm,hrl,lm,5,strategy,log_num_candidates,ridge,r2,0.6799513619762638,100.0
hrl_lm,hrl,lm,5,strategy,timestep,ridge,r2,0.9804114103317261,10.0
hrl_lm,hrl,lm,5,strategy,green_count,ridge,r2,0.7167064547538757,10.0
hrl_lm,hrl,lm,5,strategy,green_position_0,logistic,balanced_accuracy,0.8597500292705772,1.0
hrl_lm,hrl,lm,5,strategy,green_position_1,logistic,balanced_accuracy,0.8809681697612732,1.0
hrl_lm,hrl,lm,5,strategy,green_position_2,logistic,balanced_accuracy,0.8553207661903315,10.0
hrl_lm,hrl,lm,5,strategy,green_position_3,logistic,balanced_accuracy,0.7895037110889553,1.0
hrl_lm,hrl,lm,5,strategy,green_position_4,logistic,balanced_accuracy,0.8728653674096549,10.0
hrl_lm,hrl,lm,5,low,log_num_candidates,ridge,r2,0.7000178968410776,100.0
hrl_lm,hrl,lm,5,low,timestep,ridge,r2,0.9905466437339783,1.0
hrl_lm,hrl,lm,5,low,green_count,ridge,r2,0.702948808670044,100.0
hrl_lm,hrl,lm,5,low,green_position_0,logistic,balanced_accuracy,0.8606135112984428,1.0
hrl_lm,hrl,lm,5,low,green_position_1,logistic,balanced_accuracy,0.9097411842721174,100.0
hrl_lm,hrl,lm,5,low,green_position_2,logistic,balanced_accuracy,0.9258031823249214,100.0
hrl_lm,hrl,lm,5,low,green_position_3,logistic,balanced_accuracy,0.88963110667996,100.0
hrl_lm,hrl,lm,5,low,green_position_4,logistic,balanced_accuracy,0.9123293266425487,10.0
hrl_lm,hrl,lm,10,high,log_num_candidates,ridge,r2,0.6885493453960623,1000.0
hrl_lm,hrl,lm,10,high,timestep,ridge,r2,0.9774683117866516,1000.0
hrl_lm,hrl,lm,10,high,green_count,ridge,r2,0.7292879223823547,100.0
hrl_lm,hrl,lm,10,high,green_position_0,logistic,balanced_accuracy,0.8836860437887835,0.1
hrl_lm,hrl,lm,10,high,green_position_1,logistic,balanced_accuracy,0.899448041816196,0.1
hrl_lm,hrl,lm,10,high,green_position_2,logistic,balanced_accuracy,0.8762592479983784,0.1
hrl_lm,hrl,lm,10,high,green_position_3,logistic,balanced_accuracy,0.8183338872272072,100.0
hrl_lm,hrl,lm,10,high,green_position_4,logistic,balanced_accuracy,0.9001342046913292,1.0
hrl_lm,hrl,lm,10,strategy,log_num_candidates,ridge,r2,0.6874694239979025,10.0
hrl_lm,hrl,lm,10,strategy,timestep,ridge,r2,0.9768545031547546,1.0
hrl_lm,hrl,lm,10,strategy,green_count,ridge,r2,0.6837857961654663,10.0
hrl_lm,hrl,lm,10,strategy,green_position_0,logistic,balanced_accuracy,0.8375043905865823,1.0
hrl_lm,hrl,lm,10,strategy,green_position_1,logistic,balanced_accuracy,0.8807048681541583,1.0
hrl_lm,hrl,lm,10,strategy,green_position_2,logistic,balanced_accuracy,0.8622377622377622,100.0
hrl_lm,hrl,lm,10,strategy,green_position_3,logistic,balanced_accuracy,0.7883294560762157,10.0
hrl_lm,hrl,lm,10,strategy,green_position_4,logistic,balanced_accuracy,0.8715524954292605,1.0
hrl_lm,hrl,lm,10,low,log_num_candidates,ridge,r2,0.7100426734688363,100.0
hrl_lm,hrl,lm,10,low,timestep,ridge,r2,0.9845733642578125,10.0
hrl_lm,hrl,lm,10,low,green_count,ridge,r2,0.738813579082489,10.0
hrl_lm,hrl,lm,10,low,green_position_0,logistic,balanced_accuracy,0.9016435429106662,10.0
hrl_lm,hrl,lm,10,low,green_position_1,logistic,balanced_accuracy,0.9337796458105789,10.0
hrl_lm,hrl,lm,10,low,green_position_2,logistic,balanced_accuracy,0.9403871490828013,10.0
hrl_lm,hrl,lm,10,low,green_position_3,logistic,balanced_accuracy,0.882458181012518,10.0
hrl_lm,hrl,lm,10,low,green_position_4,logistic,balanced_accuracy,0.8959427393316995,10.0
hrl_lm,hrl,lm,15,high,log_num_candidates,ridge,r2,0.7066355205344479,100.0
hrl_lm,hrl,lm,15,high,timestep,ridge,r2,0.9683190584182739,100.0
hrl_lm,hrl,lm,15,high,green_count,ridge,r2,0.7345845699310303,100.0
hrl_lm,hrl,lm,15,high,green_position_0,logistic,balanced_accuracy,0.8520665027514343,100.0
hrl_lm,hrl,lm,15,high,green_position_1,logistic,balanced_accuracy,0.8672959900140427,100.0
hrl_lm,hrl,lm,15,high,green_position_2,logistic,balanced_accuracy,0.8839515556906861,100.0
hrl_lm,hrl,lm,15,high,green_position_3,logistic,balanced_accuracy,0.8518610834164173,0.1
hrl_lm,hrl,lm,15,high,green_position_4,logistic,balanced_accuracy,0.889971603065313,0.1
hrl_lm,hrl,lm,15,strategy,log_num_candidates,ridge,r2,0.6923546230593683,10.0
hrl_lm,hrl,lm,15,strategy,timestep,ridge,r2,0.9761914610862732,1.0
hrl_lm,hrl,lm,15,strategy,green_count,ridge,r2,0.6913657188415527,10.0
hrl_lm,hrl,lm,15,strategy,green_position_0,logistic,balanced_accuracy,0.8366774967802365,100.0
hrl_lm,hrl,lm,15,strategy,green_position_1,logistic,balanced_accuracy,0.8848738102668123,1.0
hrl_lm,hrl,lm,15,strategy,green_position_2,logistic,balanced_accuracy,0.8582851930678017,10.0
hrl_lm,hrl,lm,15,strategy,green_position_3,logistic,balanced_accuracy,0.8029190207156309,10.0
hrl_lm,hrl,lm,15,strategy,green_position_4,logistic,balanced_accuracy,0.8631258023106547,100.0
hrl_lm,hrl,lm,15,low,log_num_candidates,ridge,r2,0.6987628547265999,100.0
hrl_lm,hrl,lm,15,low,timestep,ridge,r2,0.9828234910964966,1.0
hrl_lm,hrl,lm,15,low,green_count,ridge,r2,0.7336629629135132,10.0
hrl_lm,hrl,lm,15,low,green_position_0,logistic,balanced_accuracy,0.8862764898723803,100.0
hrl_lm,hrl,lm,15,low,green_position_1,logistic,balanced_accuracy,0.8969320486815415,100.0
hrl_lm,hrl,lm,15,low,green_position_2,logistic,balanced_accuracy,0.9121820208776731,10.0
hrl_lm,hrl,lm,15,low,green_position_3,logistic,balanced_accuracy,0.8765758280713416,100.0
hrl_lm,hrl,lm,15,low,green_position_4,logistic,balanced_accuracy,0.9250106974753958,100.0
hrl_lm,hrl,lm,20,high,log_num_candidates,ridge,r2,0.724263361707911,100.0
hrl_lm,hrl,lm,20,high,timestep,ridge,r2,0.9788359999656677,10.0
hrl_lm,hrl,lm,20,high,green_count,ridge,r2,0.7325897216796875,100.0
hrl_lm,hrl,lm,20,high,green_position_0,logistic,balanced_accuracy,0.877692893103852,1.0
hrl_lm,hrl,lm,20,high,green_position_1,logistic,balanced_accuracy,0.8707140349508504,10.0
hrl_lm,hrl,lm,20,high,green_position_2,logistic,balanced_accuracy,0.8713185365359278,1.0
hrl_lm,hrl,lm,20,high,green_position_3,logistic,balanced_accuracy,0.8418632989919131,1.0
hrl_lm,hrl,lm,20,high,green_position_4,logistic,balanced_accuracy,0.8777132687594819,0.1
hrl_lm,hrl,lm,20,strategy,log_num_candidates,ridge,r2,0.7107080034178715,10.0
hrl_lm,hrl,lm,20,strategy,timestep,ridge,r2,0.9711957573890686,1.0
hrl_lm,hrl,lm,20,strategy,green_count,ridge,r2,0.6809876561164856,10.0
hrl_lm,hrl,lm,20,strategy,green_position_0,logistic,balanced_accuracy,0.843475588338602,10.0
hrl_lm,hrl,lm,20,strategy,green_position_1,logistic,balanced_accuracy,0.8742442268684663,1.0
hrl_lm,hrl,lm,20,strategy,green_position_2,logistic,balanced_accuracy,0.8592733353602919,1.0
hrl_lm,hrl,lm,20,strategy,green_position_3,logistic,balanced_accuracy,0.7876204719175806,10.0
hrl_lm,hrl,lm,20,strategy,green_position_4,logistic,balanced_accuracy,0.8187507293733225,1.0
hrl_lm,hrl,lm,20,low,log_num_candidates,ridge,r2,0.7198862854641181,10.0
hrl_lm,hrl,lm,20,low,timestep,ridge,r2,0.9778621196746826,1.0
hrl_lm,hrl,lm,20,low,green_count,ridge,r2,0.7238223552703857,10.0
hrl_lm,hrl,lm,20,low,green_position_0,logistic,balanced_accuracy,0.8768440463645943,10.0
hrl_lm,hrl,lm,20,low,green_position_1,logistic,balanced_accuracy,0.9006133952254642,100.0
hrl_lm,hrl,lm,20,low,green_position_2,logistic,balanced_accuracy,0.9204621465491031,10.0
hrl_lm,hrl,lm,20,low,green_position_3,logistic,balanced_accuracy,0.8778664007976071,100.0
hrl_lm,hrl,lm,20,low,green_position_4,logistic,balanced_accuracy,0.9294355622982067,100.0
hrl_lm,hrl,lm,25,high,log_num_candidates,ridge,r2,0.6898097160497678,1000.0
hrl_lm,hrl,lm,25,high,timestep,ridge,r2,0.9693003296852112,1000.0
hrl_lm,hrl,lm,25,high,green_count,ridge,r2,0.6847676634788513,1000.0
hrl_lm,hrl,lm,25,high,green_position_0,logistic,balanced_accuracy,0.8939453811029154,1.0
hrl_lm,hrl,lm,25,high,green_position_1,logistic,balanced_accuracy,0.8864146122640038,0.1
hrl_lm,hrl,lm,25,high,green_position_2,logistic,balanced_accuracy,0.8604489713185366,0.1
hrl_lm,hrl,lm,25,high,green_position_3,logistic,balanced_accuracy,0.8500941619585687,0.1
hrl_lm,hrl,lm,25,high,green_position_4,logistic,balanced_accuracy,0.8670012058972264,1.0
hrl_lm,hrl,lm,25,strategy,log_num_candidates,ridge,r2,0.690469614861524,10.0
hrl_lm,hrl,lm,25,strategy,timestep,ridge,r2,0.9690375924110413,1.0
hrl_lm,hrl,lm,25,strategy,green_count,ridge,r2,0.7008651494979858,1.0
hrl_lm,hrl,lm,25,strategy,green_position_0,logistic,balanced_accuracy,0.8657285446669009,10.0
hrl_lm,hrl,lm,25,strategy,green_position_1,logistic,balanced_accuracy,0.8619616944921205,10.0
hrl_lm,hrl,lm,25,strategy,green_position_2,logistic,balanced_accuracy,0.8490169251038816,1.0
hrl_lm,hrl,lm,25,strategy,green_position_3,logistic,balanced_accuracy,0.8043259111554226,10.0
hrl_lm,hrl,lm,25,strategy,green_position_4,logistic,balanced_accuracy,0.8473956509900027,10.0
hrl_lm,hrl,lm,25,low,log_num_candidates,ridge,r2,0.7168841739056937,10.0
hrl_lm,hrl,lm,25,low,timestep,ridge,r2,0.9779692888259888,1.0
hrl_lm,hrl,lm,25,low,green_count,ridge,r2,0.7282894849777222,10.0
hrl_lm,hrl,lm,25,low,green_position_0,logistic,balanced_accuracy,0.8939453811029154,10.0
hrl_lm,hrl,lm,25,low,green_position_1,logistic,balanced_accuracy,0.9084636838820408,100.0
hrl_lm,hrl,lm,25,low,green_position_2,logistic,balanced_accuracy,0.9131701631701632,100.0
hrl_lm,hrl,lm,25,low,green_position_3,logistic,balanced_accuracy,0.8536280048742662,10.0
hrl_lm,hrl,lm,25,low,green_position_4,logistic,balanced_accuracy,0.9055121173221301,100.0
hrl_lm,hrl,lm,30,high,log_num_candidates,ridge,r2,0.6862940892770166,1000.0
hrl_lm,hrl,lm,30,high,timestep,ridge,r2,0.9749751687049866,100.0
hrl_lm,hrl,lm,30,high,green_count,ridge,r2,0.5672078132629395,100.0
hrl_lm,hrl,lm,30,high,green_position_0,logistic,balanced_accuracy,0.8665700737618546,0.1
hrl_lm,hrl,lm,30,high,green_position_1,logistic,balanced_accuracy,0.8700752847558122,0.1
hrl_lm,hrl,lm,30,high,green_position_2,logistic,balanced_accuracy,0.8551332725245768,0.1
hrl_lm,hrl,lm,30,high,green_position_3,logistic,balanced_accuracy,0.8264484324803367,1.0
hrl_lm,hrl,lm,30,high,green_position_4,logistic,balanced_accuracy,0.8598241724044035,1.0
hrl_lm,hrl,lm,30,strategy,log_num_candidates,ridge,r2,0.6970551144093392,10.0
hrl_lm,hrl,lm,30,strategy,timestep,ridge,r2,0.959306001663208,1.0
hrl_lm,hrl,lm,30,strategy,green_count,ridge,r2,0.6676036715507507,10.0
hrl_lm,hrl,lm,30,strategy,green_position_0,logistic,balanced_accuracy,0.8357847441751551,1.0
hrl_lm,hrl,lm,30,strategy,green_position_1,logistic,balanced_accuracy,0.8347294819784679,0.1
hrl_lm,hrl,lm,30,strategy,green_position_2,logistic,balanced_accuracy,0.8182223573527921,1.0
hrl_lm,hrl,lm,30,strategy,green_position_3,logistic,balanced_accuracy,0.790910601528747,1.0
hrl_lm,hrl,lm,30,strategy,green_position_4,logistic,balanced_accuracy,0.8462529661181779,1.0
hrl_lm,hrl,lm,30,low,log_num_candidates,ridge,r2,0.7070605118613683,10.0
hrl_lm,hrl,lm,30,low,timestep,ridge,r2,0.9743777513504028,1.0
hrl_lm,hrl,lm,30,low,green_count,ridge,r2,0.7204927802085876,10.0
hrl_lm,hrl,lm,30,low,green_position_0,logistic,balanced_accuracy,0.897355403348554,10.0
hrl_lm,hrl,lm,30,low,green_position_1,logistic,balanced_accuracy,0.9029050943985022,100.0
hrl_lm,hrl,lm,30,low,green_position_2,logistic,balanced_accuracy,0.8971977298064255,1.0
hrl_lm,hrl,lm,30,low,green_position_3,logistic,balanced_accuracy,0.8446881577489753,10.0
hrl_lm,hrl,lm,30,low,green_position_4,logistic,balanced_accuracy,0.9089207219823394,100.0
hrl_lm,hrl,lm,35,high,log_num_candidates,ridge,r2,0.6542487005784754,100.0
hrl_lm,hrl,lm,35,high,timestep,ridge,r2,0.873539924621582,100.0
hrl_lm,hrl,lm,35,high,green_count,ridge,r2,0.5411555767059326,100.0
hrl_lm,hrl,lm,35,high,green_position_0,logistic,balanced_accuracy,0.8922257346914881,10.0
hrl_lm,hrl,lm,35,high,green_position_1,logistic,balanced_accuracy,0.8777744187860821,0.01
hrl_lm,hrl,lm,35,high,green_position_2,logistic,balanced_accuracy,0.8371592175940001,0.1
hrl_lm,hrl,lm,35,high,green_position_3,logistic,balanced_accuracy,0.8376315497950593,1.0
hrl_lm,hrl,lm,35,high,green_position_4,logistic,balanced_accuracy,0.8414050647683511,0.1
hrl_lm,hrl,lm,35,strategy,log_num_candidates,ridge,r2,0.6948444691083056,10.0
hrl_lm,hrl,lm,35,strategy,timestep,ridge,r2,0.9582281708717346,1.0
hrl_lm,hrl,lm,35,strategy,green_count,ridge,r2,0.668535590171814,10.0
hrl_lm,hrl,lm,35,strategy,green_position_0,logistic,balanced_accuracy,0.8323600866409085,1.0
hrl_lm,hrl,lm,35,strategy,green_position_1,logistic,balanced_accuracy,0.8722158293025433,1.0
hrl_lm,hrl,lm,35,strategy,green_position_2,logistic,balanced_accuracy,0.8039880409445627,10.0
hrl_lm,hrl,lm,35,strategy,green_position_3,logistic,balanced_accuracy,0.785969868173258,1.0
hrl_lm,hrl,lm,35,strategy,green_position_4,logistic,balanced_accuracy,0.8263945617925079,10.0
hrl_lm,hrl,lm,35,low,log_num_candidates,ridge,r2,0.7102310752977862,10.0
hrl_lm,hrl,lm,35,low,timestep,ridge,r2,0.9752031564712524,1.0
hrl_lm,hrl,lm,35,low,green_count,ridge,r2,0.7240049839019775,10.0
hrl_lm,hrl,lm,35,low,green_position_0,logistic,balanced_accuracy,0.9204352534831988,100.0
hrl_lm,hrl,lm,35,low,green_position_1,logistic,balanced_accuracy,0.9008766968325792,100.0
hrl_lm,hrl,lm,35,low,green_position_2,logistic,balanced_accuracy,0.9007499746630181,10.0
hrl_lm,hrl,lm,35,low,green_position_3,logistic,balanced_accuracy,0.8446881577489753,1.0
hrl_lm,hrl,lm,35,low,green_position_4,logistic,balanced_accuracy,0.8898451783560898,10.0
hrl_lm,hrl,lm,40,high,log_num_candidates,ridge,r2,0.7166632800688728,100.0
hrl_lm,hrl,lm,40,high,timestep,ridge,r2,0.9651199579238892,100.0
hrl_lm,hrl,lm,40,high,green_count,ridge,r2,0.695929765701294,100.0
hrl_lm,hrl,lm,40,high,green_position_0,logistic,balanced_accuracy,0.8759586114038169,0.1
hrl_lm,hrl,lm,40,high,green_position_1,logistic,balanced_accuracy,0.8902081057887345,0.1
hrl_lm,hrl,lm,40,high,green_position_2,logistic,balanced_accuracy,0.8128813215769737,1.0
hrl_lm,hrl,lm,40,high,green_position_3,logistic,balanced_accuracy,0.8200897308075772,0.1
hrl_lm,hrl,lm,40,high,green_position_4,logistic,balanced_accuracy,0.8564787800988058,0.1
hrl_lm,hrl,lm,40,strategy,log_num_candidates,ridge,r2,0.6966559083348711,10.0
hrl_lm,hrl,lm,40,strategy,timestep,ridge,r2,0.9602828621864319,1.0
hrl_lm,hrl,lm,40,strategy,green_count,ridge,r2,0.6543656587600708,10.0
hrl_lm,hrl,lm,40,strategy,green_position_0,logistic,balanced_accuracy,0.8468929282285447,10.0
hrl_lm,hrl,lm,40,strategy,green_position_1,logistic,balanced_accuracy,0.8484016617256982,1.0
hrl_lm,hrl,lm,40,strategy,green_position_2,logistic,balanced_accuracy,0.7988598358163576,1.0
hrl_lm,hrl,lm,40,strategy,green_position_3,logistic,balanced_accuracy,0.7585576603522766,100.0
hrl_lm,hrl,lm,40,strategy,green_position_4,logistic,balanced_accuracy,0.8263945617925079,1.0
hrl_lm,hrl,lm,40,low,log_num_candidates,ridge,r2,0.7228102894717493,10.0
hrl_lm,hrl,lm,40,low,timestep,ridge,r2,0.9734985828399658,1.0
hrl_lm,hrl,lm,40,low,green_count,ridge,r2,0.7148017883300781,10.0
hrl_lm,hrl,lm,40,low,green_position_0,logistic,balanced_accuracy,0.911910197869102,100.0
hrl_lm,hrl,lm,40,low,green_position_1,logistic,balanced_accuracy,0.8940406069589639,100.0
hrl_lm,hrl,lm,40,low,green_position_2,logistic,balanced_accuracy,0.8968227424749164,100.0
hrl_lm,hrl,lm,40,low,green_position_3,logistic,balanced_accuracy,0.8568018167719065,10.0
hrl_lm,hrl,lm,40,low,green_position_4,logistic,balanced_accuracy,0.9025265491889368,100.0
hrl_lm,hrl,lm,45,high,log_num_candidates,ridge,r2,0.7213206511836182,100.0
hrl_lm,hrl,lm,45,high,timestep,ridge,r2,0.9638994336128235,100.0
hrl_lm,hrl,lm,45,high,green_count,ridge,r2,0.706355094909668,100.0
hrl_lm,hrl,lm,45,high,green_position_0,logistic,balanced_accuracy,0.8640015806111696,10.0
hrl_lm,hrl,lm,45,high,green_position_1,logistic,balanced_accuracy,0.8938894523326573,0.1
hrl_lm,hrl,lm,45,high,green_position_2,logistic,balanced_accuracy,0.8278909496300801,1.0
hrl_lm,hrl,lm,45,high,green_position_3,logistic,balanced_accuracy,0.8139747424393486,1.0
hrl_lm,hrl,lm,45,high,green_position_4,logistic,balanced_accuracy,0.8632959894192243,0.1
hrl_lm,hrl,lm,45,strategy,log_num_candidates,ridge,r2,0.709107091370657,10.0
hrl_lm,hrl,lm,45,strategy,timestep,ridge,r2,0.9527091979980469,1.0
hrl_lm,hrl,lm,45,strategy,green_count,ridge,r2,0.6596453189849854,1.0
hrl_lm,hrl,lm,45,strategy,green_position_0,logistic,balanced_accuracy,0.8366262732701089,10.0
hrl_lm,hrl,lm,45,strategy,green_position_1,logistic,balanced_accuracy,0.8590312451240443,1.0
hrl_lm,hrl,lm,45,strategy,green_position_2,logistic,balanced_accuracy,0.8079659470963819,1.0
hrl_lm,hrl,lm,45,strategy,green_position_3,logistic,balanced_accuracy,0.7762047191758059,10.0
hrl_lm,hrl,lm,45,strategy,green_position_4,logistic,balanced_accuracy,0.8267543859649122,10.0
hrl_lm,hrl,lm,45,low,log_num_candidates,ridge,r2,0.7249526285378185,10.0
hrl_lm,hrl,lm,45,low,timestep,ridge,r2,0.9730985760688782,1.0
hrl_lm,hrl,lm,45,low,green_count,ridge,r2,0.7125640511512756,10.0
hrl_lm,hrl,lm,45,low,green_position_0,logistic,balanced_accuracy,0.8836787261444796,10.0
hrl_lm,hrl,lm,45,low,green_position_1,logistic,balanced_accuracy,0.8784911842721174,100.0
hrl_lm,hrl,lm,45,low,green_position_2,logistic,balanced_accuracy,0.8859531772575251,100.0
hrl_lm,hrl,lm,45,low,green_position_3,logistic,balanced_accuracy,0.8903400908385953,10.0
hrl_lm,hrl,lm,45,low,green_position_4,logistic,balanced_accuracy,0.9041992453417358,1.0
hrl_lm,hrl,lm,50,high,log_num_candidates,ridge,r2,0.6916602297709269,100.0
hrl_lm,hrl,lm,50,high,timestep,ridge,r2,0.9390845894813538,10.0
hrl_lm,hrl,lm,50,high,green_count,ridge,r2,0.26150089502334595,100.0
hrl_lm,hrl,lm,50,high,green_position_0,logistic,balanced_accuracy,0.8596988057604495,0.1
hrl_lm,hrl,lm,50,high,green_position_1,logistic,balanced_accuracy,0.9044800280855048,0.01
hrl_lm,hrl,lm,50,high,green_position_2,logistic,balanced_accuracy,0.8594354920441877,0.1
hrl_lm,hrl,lm,50,high,green_position_3,logistic,balanced_accuracy,0.791154314833278,10.0
hrl_lm,hrl,lm,50,high,green_position_4,logistic,balanced_accuracy,0.8322587233049363,0.1
hrl_lm,hrl,lm,50,strategy,log_num_candidates,ridge,r2,0.7045831155965081,10.0
hrl_lm,hrl,lm,50,strategy,timestep,ridge,r2,0.9528886675834656,1.0
hrl_lm,hrl,lm,50,strategy,green_count,ridge,r2,0.6558664441108704,1.0
hrl_lm,hrl,lm,50,strategy,green_position_0,logistic,balanced_accuracy,0.8135391054911603,1.0
hrl_lm,hrl,lm,50,strategy,green_position_1,logistic,balanced_accuracy,0.862712591667967,1.0
hrl_lm,hrl,lm,50,strategy,green_position_2,logistic,balanced_accuracy,0.8243387047734874,1.0
hrl_lm,hrl,lm,50,strategy,green_position_3,logistic,balanced_accuracy,0.7876204719175806,100.0
hrl_lm,hrl,lm,50,strategy,green_position_4,logistic,balanced_accuracy,0.8202970008168982,10.0
hrl_lm,hrl,lm,50,low,log_num_candidates,ridge,r2,0.730913616821641,10.0
hrl_lm,hrl,lm,50,low,timestep,ridge,r2,0.9765580892562866,1.0
hrl_lm,hrl,lm,50,low,green_count,ridge,r2,0.7168576717376709,10.0
hrl_lm,hrl,lm,50,low,green_position_0,logistic,balanced_accuracy,0.8999312141435429,10.0
hrl_lm,hrl,lm,50,low,green_position_1,logistic,balanced_accuracy,0.9127837806210017,100.0
hrl_lm,hrl,lm,50,low,green_position_2,logistic,balanced_accuracy,0.8981858720989155,10.0
hrl_lm,hrl,lm,50,low,green_position_3,logistic,balanced_accuracy,0.8765758280713416,10.0
hrl_lm,hrl,lm,50,low,green_position_4,logistic,balanced_accuracy,0.9264499941650134,100.0
hrl_lm,hrl,lm,55,high,log_num_candidates,ridge,r2,0.736599398090773,100.0
hrl_lm,hrl,lm,55,high,timestep,ridge,r2,0.9654268026351929,10.0
hrl_lm,hrl,lm,55,high,green_count,ridge,r2,0.7025459408760071,100.0
hrl_lm,hrl,lm,55,high,green_position_0,logistic,balanced_accuracy,0.8751170823088632,100.0
hrl_lm,hrl,lm,55,high,green_position_1,logistic,balanced_accuracy,0.88006611795912,0.1
hrl_lm,hrl,lm,55,high,green_position_2,logistic,balanced_accuracy,0.865389682780987,1.0
hrl_lm,hrl,lm,55,high,green_position_3,logistic,balanced_accuracy,0.8142073778664007,0.1
hrl_lm,hrl,lm,55,high,green_position_4,logistic,balanced_accuracy,0.8397323686155522,0.1
hrl_lm,hrl,lm,55,strategy,log_num_candidates,ridge,r2,0.7042400365762564,10.0
hrl_lm,hrl,lm,55,strategy,timestep,ridge,r2,0.9506015181541443,1.0
hrl_lm,hrl,lm,55,strategy,green_count,ridge,r2,0.6657472848892212,1.0
hrl_lm,hrl,lm,55,strategy,green_position_0,logistic,balanced_accuracy,0.8699508254302775,1.0
hrl_lm,hrl,lm,55,strategy,green_position_1,logistic,balanced_accuracy,0.8514442580745827,1.0
hrl_lm,hrl,lm,55,strategy,green_position_2,logistic,balanced_accuracy,0.858873011046924,10.0
hrl_lm,hrl,lm,55,strategy,green_position_3,logistic,balanced_accuracy,0.788202060485211,10.0
hrl_lm,hrl,lm,55,strategy,green_position_4,logistic,balanced_accuracy,0.8387793208075622,10.0
hrl_lm,hrl,lm,55,low,log_num_candidates,ridge,r2,0.7443189164284787,10.0
hrl_lm,hrl,lm,55,low,timestep,ridge,r2,0.9745671153068542,1.0
hrl_lm,hrl,lm,55,low,green_count,ridge,r2,0.7209357023239136,10.0
hrl_lm,hrl,lm,55,low,green_position_0,logistic,balanced_accuracy,0.9016435429106662,100.0
hrl_lm,hrl,lm,55,low,green_position_1,logistic,balanced_accuracy,0.9227746138243096,10.0
hrl_lm,hrl,lm,55,low,green_position_2,logistic,balanced_accuracy,0.8839768926725449,10.0
hrl_lm,hrl,lm,55,low,green_position_3,logistic,balanced_accuracy,0.8833998005982053,10.0
hrl_lm,hrl,lm,55,low,green_position_4,logistic,balanced_accuracy,0.9206490450071965,10.0
hrl_lm,hrl,lm,60,high,log_num_candidates,ridge,r2,0.7349463130484875,100.0
hrl_lm,hrl,lm,60,high,timestep,ridge,r2,0.9668091535568237,10.0
hrl_lm,hrl,lm,60,high,green_count,ridge,r2,0.7183679342269897,100.0
hrl_lm,hrl,lm,60,high,green_position_0,logistic,balanced_accuracy,0.8751097646645591,10.0
hrl_lm,hrl,lm,60,high,green_position_1,logistic,balanced_accuracy,0.8748439694180059,0.01
hrl_lm,hrl,lm,60,high,green_position_2,logistic,balanced_accuracy,0.8649893584676194,10.0
hrl_lm,hrl,lm,60,high,green_position_3,logistic,balanced_accuracy,0.7943281267309183,1.0
hrl_lm,hrl,lm,60,high,green_position_4,logistic,balanced_accuracy,0.8458931419457736,0.1
hrl_lm,hrl,lm,60,strategy,log_num_candidates,ridge,r2,0.6993843768911062,10.0
hrl_lm,hrl,lm,60,strategy,timestep,ridge,r2,0.9510413408279419,1.0
hrl_lm,hrl,lm,60,strategy,green_count,ridge,r2,0.6520962715148926,1.0
hrl_lm,hrl,lm,60,strategy,green_position_0,logistic,balanced_accuracy,0.856288783514811,1.0
hrl_lm,hrl,lm,60,strategy,green_position_1,logistic,balanced_accuracy,0.8437061163988142,10.0
hrl_lm,hrl,lm,60,strategy,green_position_2,logistic,balanced_accuracy,0.8572970507753117,10.0
hrl_lm,hrl,lm,60,strategy,green_position_3,logistic,balanced_accuracy,0.7753794173036446,1.0
hrl_lm,hrl,lm,60,strategy,green_position_4,logistic,balanced_accuracy,0.827897070836737,10.0
hrl_lm,hrl,lm,60,low,log_num_candidates,ridge,r2,0.737029862694343,10.0
hrl_lm,hrl,lm,60,low,timestep,ridge,r2,0.9762622714042664,1.0
hrl_lm,hrl,lm,60,low,green_count,ridge,r2,0.7081050276756287,10.0
hrl_lm,hrl,lm,60,low,green_position_0,logistic,balanced_accuracy,0.902492389649924,100.0
hrl_lm,hrl,lm,60,low,green_position_1,logistic,balanced_accuracy,0.8873556717116555,100.0
hrl_lm,hrl,lm,60,low,green_position_2,logistic,balanced_accuracy,0.8766595723117463,1.0
hrl_lm,hrl,lm,60,low,green_position_3,logistic,balanced_accuracy,0.8592888002658691,10.0
hrl_lm,hrl,lm,60,low,green_position_4,logistic,balanced_accuracy,0.9236978254950013,10.0
hrl_lm,hrl,lm,65,high,log_num_candidates,ridge,r2,0.7407474945192827,100.0
hrl_lm,hrl,lm,65,high,timestep,ridge,r2,0.9639614224433899,10.0
hrl_lm,hrl,lm,65,high,green_count,ridge,r2,0.7287288308143616,100.0
hrl_lm,hrl,lm,65,high,green_position_0,logistic,balanced_accuracy,0.8511298442805292,0.01
hrl_lm,hrl,lm,65,high,green_position_1,logistic,balanced_accuracy,0.8951279450772351,0.1
hrl_lm,hrl,lm,65,high,green_position_2,logistic,balanced_accuracy,0.8555335968379447,0.1
hrl_lm,hrl,lm,65,high,green_position_3,logistic,balanced_accuracy,0.8102082640965991,0.1
hrl_lm,hrl,lm,65,high,green_position_4,logistic,balanced_accuracy,0.868440502586844,0.1
hrl_lm,hrl,lm,65,strategy,log_num_candidates,ridge,r2,0.7007498449020286,10.0
hrl_lm,hrl,lm,65,strategy,timestep,ridge,r2,0.9463485479354858,1.0
hrl_lm,hrl,lm,65,strategy,green_count,ridge,r2,0.6814062595367432,1.0
hrl_lm,hrl,lm,65,strategy,green_position_0,logistic,balanced_accuracy,0.8545837723919916,1.0
hrl_lm,hrl,lm,65,strategy,green_position_1,logistic,balanced_accuracy,0.8592945467311593,1.0
hrl_lm,hrl,lm,65,strategy,green_position_2,logistic,balanced_accuracy,0.835796087970001,1.0
hrl_lm,hrl,lm,65,strategy,green_position_3,logistic,balanced_accuracy,0.7683228093497285,1.0
hrl_lm,hrl,lm,65,strategy,green_position_4,logistic,balanced_accuracy,0.8343544559847512,10.0
hrl_lm,hrl,lm,65,low,log_num_candidates,ridge,r2,0.732848683387082,10.0
hrl_lm,hrl,lm,65,low,timestep,ridge,r2,0.9755595326423645,1.0
hrl_lm,hrl,lm,65,low,green_count,ridge,r2,0.7126678228378296,10.0
hrl_lm,hrl,lm,65,low,green_position_0,logistic,balanced_accuracy,0.8913768879522304,10.0
hrl_lm,hrl,lm,65,low,green_position_1,logistic,balanced_accuracy,0.9039192931814636,100.0
hrl_lm,hrl,lm,65,low,green_position_2,logistic,balanced_accuracy,0.8774602209384819,100.0
hrl_lm,hrl,lm,65,low,green_position_3,logistic,balanced_accuracy,0.8477567298105683,10.0
hrl_lm,hrl,lm,65,low,green_position_4,logistic,balanced_accuracy,0.9155045318395767,100.0
hrl_lm,hrl,lm,70,high,log_num_candidates,ridge,r2,0.7232944004390455,100.0
hrl_lm,hrl,lm,70,high,timestep,ridge,r2,0.9577199220657349,10.0
hrl_lm,hrl,lm,70,high,green_count,ridge,r2,0.7395676374435425,100.0
hrl_lm,hrl,lm,70,high,green_position_0,logistic,balanced_accuracy,0.887930277485072,0.1
hrl_lm,hrl,lm,70,high,green_position_1,logistic,balanced_accuracy,0.8996723357778125,0.1
hrl_lm,hrl,lm,70,high,green_position_2,logistic,balanced_accuracy,0.847841289145637,100.0
hrl_lm,hrl,lm,70,high,green_position_3,logistic,balanced_accuracy,0.80785975407112,0.1
hrl_lm,hrl,lm,70,high,green_position_4,logistic,balanced_accuracy,0.8776500564048703,0.1
hrl_lm,hrl,lm,70,strategy,log_num_candidates,ridge,r2,0.6904038613391499,10.0
hrl_lm,hrl,lm,70,strategy,timestep,ridge,r2,0.9376233220100403,1.0
hrl_lm,hrl,lm,70,strategy,green_count,ridge,r2,0.6695401668548584,10.0
hrl_lm,hrl,lm,70,strategy,green_position_0,logistic,balanced_accuracy,0.8092509659290481,0.1
hrl_lm,hrl,lm,70,strategy,green_position_1,logistic,balanced_accuracy,0.8534726556405055,1.0
hrl_lm,hrl,lm,70,strategy,green_position_2,logistic,balanced_accuracy,0.8450896929157798,10.0
hrl_lm,hrl,lm,70,strategy,green_position_3,logistic,balanced_accuracy,0.7593829622244379,1.0
hrl_lm,hrl,lm,70,strategy,green_position_4,logistic,balanced_accuracy,0.8371066246547633,10.0
hrl_lm,hrl,lm,70,low,log_num_candidates,ridge,r2,0.7323208627430937,10.0
hrl_lm,hrl,lm,70,low,timestep,ridge,r2,0.9769970178604126,1.0
hrl_lm,hrl,lm,70,low,green_count,ridge,r2,0.723139762878418,10.0
hrl_lm,hrl,lm,70,low,green_position_0,logistic,balanced_accuracy,0.8819810326659642,100.0
hrl_lm,hrl,lm,70,low,green_position_1,logistic,balanced_accuracy,0.9044458963956936,100.0
hrl_lm,hrl,lm,70,low,green_position_2,logistic,balanced_accuracy,0.8516063646498429,100.0
hrl_lm,hrl,lm,70,low,green_position_3,logistic,balanced_accuracy,0.8723440788744876,10.0
hrl_lm,hrl,lm,70,low,green_position_4,logistic,balanced_accuracy,0.9216020928151865,100.0
hrl_lm,hrl,lm,75,high,log_num_candidates,ridge,r2,0.7316429458256114,100.0
hrl_lm,hrl,lm,75,high,timestep,ridge,r2,0.9622321128845215,10.0
hrl_lm,hrl,lm,75,high,green_count,ridge,r2,0.7315223813056946,100.0
hrl_lm,hrl,lm,75,high,green_position_0,logistic,balanced_accuracy,0.894794227842173,100.0
hrl_lm,hrl,lm,75,high,green_position_1,logistic,balanced_accuracy,0.8789397721953502,10.0
hrl_lm,hrl,lm,75,high,green_position_2,logistic,balanced_accuracy,0.8537448059187189,0.1
hrl_lm,hrl,lm,75,high,green_position_3,logistic,balanced_accuracy,0.8211476681067907,0.1
hrl_lm,hrl,lm,75,high,green_position_4,logistic,balanced_accuracy,0.8609668572762283,10.0
hrl_lm,hrl,lm,75,strategy,log_num_candidates,ridge,r2,0.689198907698727,10.0
hrl_lm,hrl,lm,75,strategy,timestep,ridge,r2,0.9437466263771057,1.0
hrl_lm,hrl,lm,75,strategy,green_count,ridge,r2,0.681133508682251,10.0
hrl_lm,hrl,lm,75,strategy,green_position_0,logistic,balanced_accuracy,0.8699947312961012,1.0
hrl_lm,hrl,lm,75,strategy,green_position_1,logistic,balanced_accuracy,0.8646288422530816,10.0
hrl_lm,hrl,lm,75,strategy,green_position_2,logistic,balanced_accuracy,0.8103425559947299,1.0
hrl_lm,hrl,lm,75,strategy,green_position_3,logistic,balanced_accuracy,0.7820870721169824,1.0
hrl_lm,hrl,lm,75,strategy,green_position_4,logistic,balanced_accuracy,0.8497247831329988,10.0
hrl_lm,hrl,lm,75,low,log_num_candidates,ridge,r2,0.7323923486082267,10.0
hrl_lm,hrl,lm,75,low,timestep,ridge,r2,0.9783201813697815,1.0
hrl_lm,hrl,lm,75,low,green_count,ridge,r2,0.7270498275756836,10.0
hrl_lm,hrl,lm,75,low,green_position_0,logistic,balanced_accuracy,0.8930965343636577,10.0
hrl_lm,hrl,lm,75,low,green_position_1,logistic,balanced_accuracy,0.8870923701045405,100.0
hrl_lm,hrl,lm,75,low,green_position_2,logistic,balanced_accuracy,0.8673913043478261,10.0
hrl_lm,hrl,lm,75,low,green_position_3,logistic,balanced_accuracy,0.8608120084191869,100.0
hrl_lm,hrl,lm,75,low,green_position_4,logistic,balanced_accuracy,0.9158011436573696,1.0
hrl_lm,hrl,lm,80,high,log_num_candidates,ridge,r2,0.6841539509271257,1000.0
hrl_lm,hrl,lm,80,high,timestep,ridge,r2,0.9540436267852783,10.0
hrl_lm,hrl,lm,80,high,green_count,ridge,r2,0.7429323196411133,100.0
hrl_lm,hrl,lm,80,high,green_position_0,logistic,balanced_accuracy,0.9118736096475822,0.1
hrl_lm,hrl,lm,80,high,green_position_1,logistic,balanced_accuracy,0.8595578483382743,1.0
hrl_lm,hrl,lm,80,high,green_position_2,logistic,balanced_accuracy,0.8191598256815649,0.01
hrl_lm,hrl,lm,80,high,green_position_3,logistic,balanced_accuracy,0.8104519774011298,1.0
hrl_lm,hrl,lm,80,high,green_position_4,logistic,balanced_accuracy,0.8537266114287937,0.1
hrl_lm,hrl,lm,80,strategy,log_num_candidates,ridge,r2,0.696775552162988,10.0
hrl_lm,hrl,lm,80,strategy,timestep,ridge,r2,0.931630551815033,1.0
hrl_lm,hrl,lm,80,strategy,green_count,ridge,r2,0.6869180202484131,10.0
hrl_lm,hrl,lm,80,strategy,green_position_0,logistic,balanced_accuracy,0.8905060882800608,1.0
hrl_lm,hrl,lm,80,strategy,green_position_1,logistic,balanced_accuracy,0.8527217584646591,10.0
hrl_lm,hrl,lm,80,strategy,green_position_2,logistic,balanced_accuracy,0.8207864599168947,1.0
hrl_lm,hrl,lm,80,strategy,green_position_3,logistic,balanced_accuracy,0.7584413426387504,1.0
hrl_lm,hrl,lm,80,strategy,green_position_4,logistic,balanced_accuracy,0.838122884817365,10.0
hrl_lm,hrl,lm,80,low,log_num_candidates,ridge,r2,0.7339980819696504,10.0
hrl_lm,hrl,lm,80,low,timestep,ridge,r2,0.9749507308006287,1.0
hrl_lm,hrl,lm,80,low,green_count,ridge,r2,0.7063387632369995,10.0
hrl_lm,hrl,lm,80,low,green_position_0,logistic,balanced_accuracy,0.8982188853764197,100.0
hrl_lm,hrl,lm,80,low,green_position_1,logistic,balanced_accuracy,0.8802562802309253,100.0
hrl_lm,hrl,lm,80,low,green_position_2,logistic,balanced_accuracy,0.8427384209992905,1.0
hrl_lm,hrl,lm,80,low,green_position_3,logistic,balanced_accuracy,0.8564528636313282,1.0
hrl_lm,hrl,lm,80,low,green_position_4,logistic,balanced_accuracy,0.9274030419730035,1.0
hrl_lm,hrl,lm,85,high,log_num_candidates,ridge,r2,0.7280534876692552,100.0
hrl_lm,hrl,lm,85,high,timestep,ridge,r2,0.9550402760505676,10.0
hrl_lm,hrl,lm,85,high,green_count,ridge,r2,0.7232565879821777,100.0
hrl_lm,hrl,lm,85,high,green_position_0,logistic,balanced_accuracy,0.8922330523357921,10.0
hrl_lm,hrl,lm,85,high,green_position_1,logistic,balanced_accuracy,0.875897175846466,1.0
hrl_lm,hrl,lm,85,high,green_position_2,logistic,balanced_accuracy,0.8417249417249417,10.0
hrl_lm,hrl,lm,85,high,green_position_3,logistic,balanced_accuracy,0.8138584247258225,0.1
hrl_lm,hrl,lm,85,high,green_position_4,logistic,balanced_accuracy,0.8548060839460069,100.0
hrl_lm,hrl,lm,85,strategy,log_num_candidates,ridge,r2,0.6937325765991186,10.0
hrl_lm,hrl,lm,85,strategy,timestep,ridge,r2,0.9256805181503296,1.0
hrl_lm,hrl,lm,85,strategy,green_count,ridge,r2,0.6740860939025879,10.0
hrl_lm,hrl,lm,85,strategy,green_position_0,logistic,balanced_accuracy,0.8827932911837022,1.0
hrl_lm,hrl,lm,85,strategy,green_position_1,logistic,balanced_accuracy,0.8613229442970822,1.0
hrl_lm,hrl,lm,85,strategy,green_position_2,logistic,balanced_accuracy,0.8407367994324516,10.0
hrl_lm,hrl,lm,85,strategy,green_position_3,logistic,balanced_accuracy,0.7458513348842362,1.0
hrl_lm,hrl,lm,85,strategy,green_position_4,logistic,balanced_accuracy,0.8162951725211032,100.0
hrl_lm,hrl,lm,85,low,log_num_candidates,ridge,r2,0.7345176023904456,10.0
hrl_lm,hrl,lm,85,low,timestep,ridge,r2,0.9733789563179016,1.0
hrl_lm,hrl,lm,85,low,green_count,ridge,r2,0.7044571042060852,10.0
hrl_lm,hrl,lm,85,low,green_position_0,logistic,balanced_accuracy,0.8751390352417749,10.0
hrl_lm,hrl,lm,85,low,green_position_1,logistic,balanced_accuracy,0.8901349664534248,100.0
hrl_lm,hrl,lm,85,low,green_position_2,logistic,balanced_accuracy,0.8731326644370123,10.0
hrl_lm,hrl,lm,85,low,green_position_3,logistic,balanced_accuracy,0.8553949263321148,1.0
hrl_lm,hrl,lm,85,low,green_position_4,logistic,balanced_accuracy,0.9396613762788346,100.0
hrl_lm,hrl,lm,90,high,log_num_candidates,ridge,r2,0.5225327631493234,10000.0
hrl_lm,hrl,lm,90,high,timestep,ridge,r2,0.9451229572296143,100.0
hrl_lm,hrl,lm,90,high,green_count,ridge,r2,0.6423686742782593,1000.0
hrl_lm,hrl,lm,90,high,green_position_0,logistic,balanced_accuracy,0.9050682004449128,100.0
hrl_lm,hrl,lm,90,high,green_position_1,logistic,balanced_accuracy,0.8685344827586207,0.1
hrl_lm,hrl,lm,90,high,green_position_2,logistic,balanced_accuracy,0.8442890442890443,0.1
hrl_lm,hrl,lm,90,high,green_position_3,logistic,balanced_accuracy,0.8138584247258225,1.0
hrl_lm,hrl,lm,90,high,green_position_4,logistic,balanced_accuracy,0.8578548644338118,1.0
hrl_lm,hrl,lm,90,strategy,log_num_candidates,ridge,r2,0.6942572138812544,10.0
hrl_lm,hrl,lm,90,strategy,timestep,ridge,r2,0.9254263043403625,1.0
hrl_lm,hrl,lm,90,strategy,green_count,ridge,r2,0.6789847612380981,10.0
hrl_lm,hrl,lm,90,strategy,green_position_0,logistic,balanced_accuracy,0.8862325840065566,1.0
hrl_lm,hrl,lm,90,strategy,green_position_1,logistic,balanced_accuracy,0.8572661491652365,1.0
hrl_lm,hrl,lm,90,strategy,green_position_2,logistic,balanced_accuracy,0.8328316610925306,1.0
hrl_lm,hrl,lm,90,strategy,green_position_3,logistic,balanced_accuracy,0.7643126177024482,0.1
hrl_lm,hrl,lm,90,strategy,green_position_4,logistic,balanced_accuracy,0.8435640098027775,1.0
hrl_lm,hrl,lm,90,low,log_num_candidates,ridge,r2,0.7394363442131422,10.0
hrl_lm,hrl,lm,90,low,timestep,ridge,r2,0.9764213562011719,1.0
hrl_lm,hrl,lm,90,low,green_count,ridge,r2,0.7192510962486267,10.0
hrl_lm,hrl,lm,90,low,green_position_0,logistic,balanced_accuracy,0.8862472192951645,10.0
hrl_lm,hrl,lm,90,low,green_position_1,logistic,balanced_accuracy,0.8950548057419254,100.0
hrl_lm,hrl,lm,90,low,green_position_2,logistic,balanced_accuracy,0.876071754332624,10.0
hrl_lm,hrl,lm,90,low,green_position_3,logistic,balanced_accuracy,0.8630442007311399,1.0
hrl_lm,hrl,lm,90,low,green_position_4,logistic,balanced_accuracy,0.942773369121251,10.0
hrl_lm,hrl,lm,95,high,log_num_candidates,ridge,r2,0.7167848222802011,100.0
hrl_lm,hrl,lm,95,high,timestep,ridge,r2,0.9439699053764343,100.0
hrl_lm,hrl,lm,95,high,green_count,ridge,r2,0.6911653280258179,100.0
hrl_lm,hrl,lm,95,high,green_position_0,logistic,balanced_accuracy,0.894794227842173,1.0
hrl_lm,hrl,lm,95,high,green_position_1,logistic,balanced_accuracy,0.8650042908410048,0.1
hrl_lm,hrl,lm,95,high,green_position_2,logistic,balanced_accuracy,0.8624505928853755,0.1
hrl_lm,hrl,lm,95,high,green_position_3,logistic,balanced_accuracy,0.812800487426609,1.0
hrl_lm,hrl,lm,95,high,green_position_4,logistic,balanced_accuracy,0.8595275605866106,0.1
hrl_lm,hrl,lm,95,strategy,log_num_candidates,ridge,r2,0.6934153269709731,10.0
hrl_lm,hrl,lm,95,strategy,timestep,ridge,r2,0.9159385561943054,0.1
hrl_lm,hrl,lm,95,strategy,green_count,ridge,r2,0.6588894128799438,10.0
hrl_lm,hrl,lm,95,strategy,green_position_0,logistic,balanced_accuracy,0.8648504273504274,1.0
hrl_lm,hrl,lm,95,strategy,green_position_1,logistic,balanced_accuracy,0.8598211499453893,10.0
hrl_lm,hrl,lm,95,strategy,green_position_2,logistic,balanced_accuracy,0.876446741664133,10.0
hrl_lm,hrl,lm,95,strategy,green_position_3,logistic,balanced_accuracy,0.7714966212473691,1.0
hrl_lm,hrl,lm,95,strategy,green_position_4,logistic,balanced_accuracy,0.8320253238417552,10.0
hrl_lm,hrl,lm,95,low,log_num_candidates,ridge,r2,0.7381381206312903,10.0
hrl_lm,hrl,lm,95,low,timestep,ridge,r2,0.9734230041503906,1.0
hrl_lm,hrl,lm,95,low,green_count,ridge,r2,0.7176001071929932,10.0
hrl_lm,hrl,lm,95,low,green_position_0,logistic,balanced_accuracy,0.8777075283924599,100.0
hrl_lm,hrl,lm,95,low,green_position_1,logistic,balanced_accuracy,0.8754095802777344,1.0
hrl_lm,hrl,lm,95,low,green_position_2,logistic,balanced_accuracy,0.8563342454646803,1.0
hrl_lm,hrl,lm,95,low,green_position_3,logistic,balanced_accuracy,0.8677522986595768,100.0
hrl_lm,hrl,lm,95,low,green_position_4,logistic,balanced_accuracy,0.948574318279068,10.0
hrl_lm,hrl,lm,100,high,log_num_candidates,ridge,r2,0.7334596685881278,100.0
hrl_lm,hrl,lm,100,high,timestep,ridge,r2,0.9534649848937988,10.0
hrl_lm,hrl,lm,100,high,green_count,ridge,r2,0.6949734091758728,100.0
hrl_lm,hrl,lm,100,high,green_position_0,logistic,balanced_accuracy,0.8922184170471841,0.1
hrl_lm,hrl,lm,100,high,green_position_1,logistic,balanced_accuracy,0.8680468871898892,0.1
hrl_lm,hrl,lm,100,high,green_position_2,logistic,balanced_accuracy,0.8594861660079052,0.1
hrl_lm,hrl,lm,100,high,green_position_3,logistic,balanced_accuracy,0.8013847346848344,1.0
hrl_lm,hrl,lm,100,high,green_position_4,logistic,balanced_accuracy,0.8424845372855643,1.0
hrl_lm,hrl,lm,100,strategy,log_num_candidates,ridge,r2,0.6972093234862669,10.0
hrl_lm,hrl,lm,100,strategy,timestep,ridge,r2,0.9189785718917847,1.0
hrl_lm,hrl,lm,100,strategy,green_count,ridge,r2,0.6583472490310669,10.0
hrl_lm,hrl,lm,100,strategy,green_position_0,logistic,balanced_accuracy,0.8879449127736798,10.0
hrl_lm,hrl,lm,100,strategy,green_position_1,logistic,balanced_accuracy,0.8424676236542362,10.0
hrl_lm,hrl,lm,100,strategy,green_position_2,logistic,balanced_accuracy,0.8425002533698186,10.0
hrl_lm,hrl,lm,100,strategy,green_position_3,logistic,balanced_accuracy,0.7831450094161958,1.0
hrl_lm,hrl,lm,100,strategy,green_position_4,logistic,balanced_accuracy,0.8456597424825922,1.0
hrl_lm,hrl,lm,100,low,log_num_candidates,ridge,r2,0.7429318493681923,10.0
hrl_lm,hrl,lm,100,low,timestep,ridge,r2,0.9765493869781494,1.0
hrl_lm,hrl,lm,100,low,green_count,ridge,r2,0.730857253074646,10.0
hrl_lm,hrl,lm,100,low,green_position_0,logistic,balanced_accuracy,0.8879522304179839,1.0
hrl_lm,hrl,lm,100,low,green_position_1,logistic,balanced_accuracy,0.8955424013106569,10.0
hrl_lm,hrl,lm,100,low,green_position_2,logistic,balanced_accuracy,0.8713185365359278,10.0
hrl_lm,hrl,lm,100,low,green_position_3,logistic,balanced_accuracy,0.8844577378974188,10.0
hrl_lm,hrl,lm,100,low,green_position_4,logistic,balanced_accuracy,0.9489341424514723,1.0
hrl_random,hrl,random,5,high,log_num_candidates,ridge,r2,0.6819333489132136,1000.0
hrl_random,hrl,random,5,high,timestep,ridge,r2,0.9799922704696655,1000.0
hrl_random,hrl,random,5,high,green_count,ridge,r2,0.7211880087852478,100.0
hrl_random,hrl,random,5,high,green_position_0,logistic,balanced_accuracy,0.8657504975998127,1.0
hrl_random,hrl,random,5,high,green_position_1,logistic,balanced_accuracy,0.8708651895771571,0.1
hrl_random,hrl,random,5,high,green_position_2,logistic,balanced_accuracy,0.8624505928853755,1.0
hrl_random,hrl,random,5,high,green_position_3,logistic,balanced_accuracy,0.8103356596876039,1.0
hrl_random,hrl,random,5,high,green_position_4,logistic,balanced_accuracy,0.8803390127202708,100.0
hrl_random,hrl,random,5,strategy,log_num_candidates,ridge,r2,0.6859641528347258,100.0
hrl_random,hrl,random,5,strategy,timestep,ridge,r2,0.9808657169342041,1.0
hrl_random,hrl,random,5,strategy,green_count,ridge,r2,0.6973128914833069,10.0
hrl_random,hrl,random,5,strategy,green_position_0,logistic,balanced_accuracy,0.8674189205011122,0.1
hrl_random,hrl,random,5,strategy,green_position_1,logistic,balanced_accuracy,0.8859270166952722,10.0
hrl_random,hrl,random,5,strategy,green_position_2,logistic,balanced_accuracy,0.8278909496300801,100.0
hrl_random,hrl,random,5,strategy,green_position_3,logistic,balanced_accuracy,0.7875041542040545,10.0
hrl_random,hrl,random,5,strategy,green_position_4,logistic,balanced_accuracy,0.8560557435717898,10.0
hrl_random,hrl,random,5,low,log_num_candidates,ridge,r2,0.6892084347278224,100.0
hrl_random,hrl,random,5,low,timestep,ridge,r2,0.9948917031288147,1.0
hrl_random,hrl,random,5,low,green_count,ridge,r2,0.6925383806228638,10.0
hrl_random,hrl,random,5,low,green_position_0,logistic,balanced_accuracy,0.8554545720641611,100.0
hrl_random,hrl,random,5,low,green_position_1,logistic,balanced_accuracy,0.8983607036979249,10.0
hrl_random,hrl,random,5,low,green_position_2,logistic,balanced_accuracy,0.9167224080267559,10.0
hrl_random,hrl,random,5,low,green_position_3,logistic,balanced_accuracy,0.9076381965215465,100.0
hrl_random,hrl,random,5,low,green_position_4,logistic,balanced_accuracy,0.8878126580308865,100.0
hrl_random,hrl,random,10,high,log_num_candidates,ridge,r2,0.6764162202227566,1000.0
hrl_random,hrl,random,10,high,timestep,ridge,r2,0.9794206023216248,100.0
hrl_random,hrl,random,10,high,green_count,ridge,r2,0.6747963428497314,1000.0
hrl_random,hrl,random,10,high,green_position_0,logistic,balanced_accuracy,0.8982262030207235,10.0
hrl_random,hrl,random,10,high,green_position_1,logistic,balanced_accuracy,0.8803684272117336,0.1
hrl_random,hrl,random,10,high,green_position_2,logistic,balanced_accuracy,0.8774348839566231,1.0
hrl_random,hrl,random,10,high,green_position_3,logistic,balanced_accuracy,0.8475130165060374,10.0
hrl_random,hrl,random,10,high,green_position_4,logistic,balanced_accuracy,0.8817150970552767,1.0
hrl_random,hrl,random,10,strategy,log_num_candidates,ridge,r2,0.6768274887269699,10.0
hrl_random,hrl,random,10,strategy,timestep,ridge,r2,0.9771700501441956,1.0
hrl_random,hrl,random,10,strategy,green_count,ridge,r2,0.714415431022644,1.0
hrl_random,hrl,random,10,strategy,green_position_0,logistic,balanced_accuracy,0.847785680833626,1.0
hrl_random,hrl,random,10,strategy,green_position_1,logistic,balanced_accuracy,0.8585826572008113,1.0
hrl_random,hrl,random,10,strategy,green_position_2,logistic,balanced_accuracy,0.857509881422925,10.0
hrl_random,hrl,random,10,strategy,green_position_3,logistic,balanced_accuracy,0.812684169713083,100.0
hrl_random,hrl,random,10,strategy,green_position_4,logistic,balanced_accuracy,0.8613266814486327,100.0
hrl_random,hrl,random,10,low,log_num_candidates,ridge,r2,0.7118601429372662,10.0
hrl_random,hrl,random,10,low,timestep,ridge,r2,0.9913846254348755,0.1
hrl_random,hrl,random,10,low,green_count,ridge,r2,0.7178978323936462,10.0
hrl_random,hrl,random,10,low,green_position_0,logistic,balanced_accuracy,0.8512103383678726,10.0
hrl_random,hrl,random,10,low,green_position_1,logistic,balanced_accuracy,0.917591472928694,100.0
hrl_random,hrl,random,10,low,green_position_2,logistic,balanced_accuracy,0.862263099219621,1.0
hrl_random,hrl,random,10,low,green_position_3,logistic,balanced_accuracy,0.9089287692478121,10.0
hrl_random,hrl,random,10,low,green_position_4,logistic,balanced_accuracy,0.921961916987591,100.0
hrl_random,hrl,random,15,high,log_num_candidates,ridge,r2,0.7309807067686269,100.0
hrl_random,hrl,random,15,high,timestep,ridge,r2,0.9856504201889038,100.0
hrl_random,hrl,random,15,high,green_count,ridge,r2,0.7511542439460754,100.0
hrl_random,hrl,random,15,high,green_position_0,logistic,balanced_accuracy,0.8597353939819694,0.1
hrl_random,hrl,random,15,high,green_position_1,logistic,balanced_accuracy,0.8772136838820408,1.0
hrl_random,hrl,random,15,high,green_position_2,logistic,balanced_accuracy,0.8930323299888517,10.0
hrl_random,hrl,random,15,high,green_position_3,logistic,balanced_accuracy,0.8737509693142793,1.0
hrl_random,hrl,random,15,high,green_position_4,logistic,balanced_accuracy,0.8862031742326992,0.1
hrl_random,hrl,random,15,strategy,log_num_candidates,ridge,r2,0.6974471607725489,10.0
hrl_random,hrl,random,15,strategy,timestep,ridge,r2,0.9806325435638428,0.1
hrl_random,hrl,random,15,strategy,green_count,ridge,r2,0.7151635885238647,1.0
hrl_random,hrl,random,15,strategy,green_position_0,logistic,balanced_accuracy,0.8409436834094368,100.0
hrl_random,hrl,random,15,strategy,green_position_1,logistic,balanced_accuracy,0.8502057653300046,1.0
hrl_random,hrl,random,15,strategy,green_position_2,logistic,balanced_accuracy,0.8787980135806223,10.0
hrl_random,hrl,random,15,strategy,green_position_3,logistic,balanced_accuracy,0.8380968206491636,10.0
hrl_random,hrl,random,15,strategy,green_position_4,logistic,balanced_accuracy,0.8677840665966468,100.0
hrl_random,hrl,random,15,low,log_num_candidates,ridge,r2,0.6991458865951559,10.0
hrl_random,hrl,random,15,low,timestep,ridge,r2,0.9903795719146729,1.0
hrl_random,hrl,random,15,low,green_count,ridge,r2,0.7443541884422302,1.0
hrl_random,hrl,random,15,low,green_position_0,logistic,balanced_accuracy,0.835799379463763,100.0
hrl_random,hrl,random,15,low,green_position_1,logistic,balanced_accuracy,0.902266344203464,100.0
hrl_random,hrl,random,15,low,green_position_2,logistic,balanced_accuracy,0.8948211209080774,100.0
hrl_random,hrl,random,15,low,green_position_3,logistic,balanced_accuracy,0.8951645064805583,10.0
hrl_random,hrl,random,15,low,green_position_4,logistic,balanced_accuracy,0.8939734313611079,100.0
hrl_random,hrl,random,20,high,log_num_candidates,ridge,r2,0.6973067868028238,1000.0
hrl_random,hrl,random,20,high,timestep,ridge,r2,0.9764744639396667,1000.0
hrl_random,hrl,random,20,high,green_count,ridge,r2,0.6661351919174194,1000.0
hrl_random,hrl,random,20,high,green_position_0,logistic,balanced_accuracy,0.8837079967216954,10.0
hrl_random,hrl,random,20,high,green_position_1,logistic,balanced_accuracy,0.8752974332969262,0.1
hrl_random,hrl,random,20,high,green_position_2,logistic,balanced_accuracy,0.8484291071247593,0.1
hrl_random,hrl,random,20,high,green_position_3,logistic,balanced_accuracy,0.8522211144344743,1.0
hrl_random,hrl,random,20,high,green_position_4,logistic,balanced_accuracy,0.8813552728828724,100.0
hrl_random,hrl,random,20,strategy,log_num_candidates,ridge,r2,0.7112566001723637,10.0
hrl_random,hrl,random,20,strategy,timestep,ridge,r2,0.9769227504730225,0.1
hrl_random,hrl,random,20,strategy,green_count,ridge,r2,0.6987769603729248,1.0
hrl_random,hrl,random,20,strategy,green_position_0,logistic,balanced_accuracy,0.8272523709167545,10.0
hrl_random,hrl,random,20,strategy,green_position_1,logistic,balanced_accuracy,0.849079419566235,1.0
hrl_random,hrl,random,20,strategy,green_position_2,logistic,balanced_accuracy,0.8221749265227526,100.0
hrl_random,hrl,random,20,strategy,green_position_3,logistic,balanced_accuracy,0.860568295114656,10.0
hrl_random,hrl,random,20,strategy,green_position_4,logistic,balanced_accuracy,0.8483486987979928,100.0
hrl_random,hrl,random,20,low,log_num_candidates,ridge,r2,0.7017362625256363,10.0
hrl_random,hrl,random,20,low,timestep,ridge,r2,0.9910482168197632,1.0
hrl_random,hrl,random,20,low,green_count,ridge,r2,0.700167179107666,1.0
hrl_random,hrl,random,20,low,green_position_0,logistic,balanced_accuracy,0.8289500643952699,100.0
hrl_random,hrl,random,20,low,green_position_1,logistic,balanced_accuracy,0.8971953502886566,100.0
hrl_random,hrl,random,20,low,green_position_2,logistic,balanced_accuracy,0.8756460930373974,10.0
hrl_random,hrl,random,20,low,green_position_3,logistic,balanced_accuracy,0.8544533067464274,100.0
hrl_random,hrl,random,20,low,green_position_4,logistic,balanced_accuracy,0.8942700431789007,100.0
hrl_random,hrl,random,25,high,log_num_candidates,ridge,r2,0.686658595368729,1000.0
hrl_random,hrl,random,25,high,timestep,ridge,r2,0.982228696346283,100.0
hrl_random,hrl,random,25,high,green_count,ridge,r2,0.7242687344551086,100.0
hrl_random,hrl,random,25,high,green_position_0,logistic,balanced_accuracy,0.8785636927760215,1.0
hrl_random,hrl,random,25,high,green_position_1,logistic,balanced_accuracy,0.8603087455141207,0.01
hrl_random,hrl,random,25,high,green_position_2,logistic,balanced_accuracy,0.8468784838350056,10.0
hrl_random,hrl,random,25,high,green_position_3,logistic,balanced_accuracy,0.8525700675750526,1.0
hrl_random,hrl,random,25,high,green_position_4,logistic,balanced_accuracy,0.909936982144941,1.0
hrl_random,hrl,random,25,strategy,log_num_candidates,ridge,r2,0.7111423162220172,1.0
hrl_random,hrl,random,25,strategy,timestep,ridge,r2,0.978891909122467,0.1
hrl_random,hrl,random,25,strategy,green_count,ridge,r2,0.6883346438407898,1.0
hrl_random,hrl,random,25,strategy,green_position_0,logistic,balanced_accuracy,0.7981500995199625,10.0
hrl_random,hrl,random,25,strategy,green_position_1,logistic,balanced_accuracy,0.8324767904509284,1.0
hrl_random,hrl,random,25,strategy,green_position_2,logistic,balanced_accuracy,0.8338198033850208,100.0
hrl_random,hrl,random,25,strategy,green_position_3,logistic,balanced_accuracy,0.8635094715852443,10.0
hrl_random,hrl,random,25,strategy,green_position_4,logistic,balanced_accuracy,0.8493017466059828,10.0
hrl_random,hrl,random,25,low,log_num_candidates,ridge,r2,0.6811999271550775,10.0
hrl_random,hrl,random,25,low,timestep,ridge,r2,0.989240825176239,1.0
hrl_random,hrl,random,25,low,green_count,ridge,r2,0.6891152858734131,1.0
hrl_random,hrl,random,25,low,green_position_0,logistic,balanced_accuracy,0.8221153846153846,100.0
hrl_random,hrl,random,25,low,green_position_1,logistic,balanced_accuracy,0.8484406693711968,10.0
hrl_random,hrl,random,25,low,green_position_2,logistic,balanced_accuracy,0.8519813519813519,10.0
hrl_random,hrl,random,25,low,green_position_3,logistic,balanced_accuracy,0.8708097928436911,10.0
hrl_random,hrl,random,25,low,green_position_4,logistic,balanced_accuracy,0.8841074415528845,100.0
hrl_random,hrl,random,30,high,log_num_candidates,ridge,r2,0.6873856809683301,1000.0
hrl_random,hrl,random,30,high,timestep,ridge,r2,0.9806403517723083,100.0
hrl_random,hrl,random,30,high,green_count,ridge,r2,0.6486622095108032,1000.0
hrl_random,hrl,random,30,high,green_position_0,logistic,balanced_accuracy,0.8503395386957031,0.1
hrl_random,hrl,random,30,high,green_position_1,logistic,balanced_accuracy,0.8778134264315806,0.1
hrl_random,hrl,random,30,high,green_position_2,logistic,balanced_accuracy,0.858873011046924,0.1
hrl_random,hrl,random,30,high,green_position_3,logistic,balanced_accuracy,0.8488035892323031,0.1
hrl_random,hrl,random,30,high,green_position_4,logistic,balanced_accuracy,0.8851869140700976,1.0
hrl_random,hrl,random,30,strategy,log_num_candidates,ridge,r2,0.6925074757505023,10.0
hrl_random,hrl,random,30,strategy,timestep,ridge,r2,0.970456063747406,1.0
hrl_random,hrl,random,30,strategy,green_count,ridge,r2,0.675110936164856,1.0
hrl_random,hrl,random,30,strategy,green_position_0,logistic,balanced_accuracy,0.7973085704250088,100.0
hrl_random,hrl,random,30,strategy,green_position_1,logistic,balanced_accuracy,0.8300729442970822,1.0
hrl_random,hrl,random,30,strategy,green_position_2,logistic,balanced_accuracy,0.8425002533698186,10.0
hrl_random,hrl,random,30,strategy,green_position_3,logistic,balanced_accuracy,0.8544533067464274,10.0
hrl_random,hrl,random,30,strategy,green_position_4,logistic,balanced_accuracy,0.8500213949507915,10.0
hrl_random,hrl,random,30,low,log_num_candidates,ridge,r2,0.658767469146804,100.0
hrl_random,hrl,random,30,low,timestep,ridge,r2,0.9892828464508057,1.0
hrl_random,hrl,random,30,low,green_count,ridge,r2,0.6998183727264404,0.1
hrl_random,hrl,random,30,low,green_position_0,logistic,balanced_accuracy,0.8221153846153846,100.0
hrl_random,hrl,random,30,low,green_position_1,logistic,balanced_accuracy,0.8465634264315806,100.0
hrl_random,hrl,random,30,low,green_position_2,logistic,balanced_accuracy,0.8693422519509475,100.0
hrl_random,hrl,random,30,low,green_position_3,logistic,balanced_accuracy,0.8852830397695801,100.0
hrl_random,hrl,random,30,low,green_position_4,logistic,balanced_accuracy,0.8871562220406893,100.0
hrl_random,hrl,random,35,high,log_num_candidates,ridge,r2,0.7047343284833101,100.0
hrl_random,hrl,random,35,high,timestep,ridge,r2,0.9767184853553772,100.0
hrl_random,hrl,random,35,high,green_count,ridge,r2,0.7140130996704102,100.0
hrl_random,hrl,random,35,high,green_position_0,logistic,balanced_accuracy,0.8400802013815712,1.0
hrl_random,hrl,random,35,high,green_position_1,logistic,balanced_accuracy,0.862712591667967,0.01
hrl_random,hrl,random,35,high,green_position_2,logistic,balanced_accuracy,0.8616499442586398,0.1
hrl_random,hrl,random,35,high,green_position_3,logistic,balanced_accuracy,0.8420959344189654,1.0
hrl_random,hrl,random,35,high,green_position_4,logistic,balanced_accuracy,0.8578548644338118,100.0
hrl_random,hrl,random,35,strategy,log_num_candidates,ridge,r2,0.6976146264640095,1.0
hrl_random,hrl,random,35,strategy,timestep,ridge,r2,0.9718607664108276,1.0
hrl_random,hrl,random,35,strategy,green_count,ridge,r2,0.6646379828453064,1.0
hrl_random,hrl,random,35,strategy,green_position_0,logistic,balanced_accuracy,0.8084167544783983,10.0
hrl_random,hrl,random,35,strategy,green_position_1,logistic,balanced_accuracy,0.8412291309096583,10.0
hrl_random,hrl,random,35,strategy,green_position_2,logistic,balanced_accuracy,0.8403364751190838,10.0
hrl_random,hrl,random,35,strategy,green_position_3,logistic,balanced_accuracy,0.8398637421070123,10.0
hrl_random,hrl,random,35,strategy,green_position_4,logistic,balanced_accuracy,0.8374032364725561,10.0
hrl_random,hrl,random,35,low,log_num_candidates,ridge,r2,0.6683088825297256,10.0
hrl_random,hrl,random,35,low,timestep,ridge,r2,0.9887374043464661,1.0
hrl_random,hrl,random,35,low,green_count,ridge,r2,0.6951861381530762,1.0
hrl_random,hrl,random,35,low,green_position_0,logistic,balanced_accuracy,0.8383605549701441,100.0
hrl_random,hrl,random,35,low,green_position_1,logistic,balanced_accuracy,0.8684613434233109,100.0
hrl_random,hrl,random,35,low,green_position_2,logistic,balanced_accuracy,0.8636262288436202,100.0
hrl_random,hrl,random,35,low,green_position_3,logistic,balanced_accuracy,0.8730419851556441,10.0
hrl_random,hrl,random,35,low,green_position_4,logistic,balanced_accuracy,0.869690162212627,10.0
hrl_random,hrl,random,40,high,log_num_candidates,ridge,r2,0.6926929744580357,1000.0
hrl_random,hrl,random,40,high,timestep,ridge,r2,0.9786574840545654,100.0
hrl_random,hrl,random,40,high,green_count,ridge,r2,0.7316672801971436,100.0
hrl_random,hrl,random,40,high,green_position_0,logistic,balanced_accuracy,0.8623258400655661,100.0
hrl_random,hrl,random,40,high,green_position_1,logistic,balanced_accuracy,0.8810803167420814,1.0
hrl_random,hrl,random,40,high,green_position_2,logistic,balanced_accuracy,0.8762339110165197,10.0
hrl_random,hrl,random,40,high,green_position_3,logistic,balanced_accuracy,0.8812728481222998,0.1
hrl_random,hrl,random,40,high,green_position_4,logistic,balanced_accuracy,0.8671276306064496,1.0
hrl_random,hrl,random,40,strategy,log_num_candidates,ridge,r2,0.7079419947700558,1.0
hrl_random,hrl,random,40,strategy,timestep,ridge,r2,0.973564088344574,1.0
hrl_random,hrl,random,40,strategy,green_count,ridge,r2,0.6720020771026611,1.0
hrl_random,hrl,random,40,strategy,green_position_0,logistic,balanced_accuracy,0.8084387074113102,10.0
hrl_random,hrl,random,40,strategy,green_position_1,logistic,balanced_accuracy,0.8450226244343891,10.0
hrl_random,hrl,random,40,strategy,green_position_2,logistic,balanced_accuracy,0.8456521739130435,10.0
hrl_random,hrl,random,40,strategy,green_position_3,logistic,balanced_accuracy,0.8469203500609284,100.0
hrl_random,hrl,random,40,strategy,green_position_4,logistic,balanced_accuracy,0.8357937526743688,100.0
hrl_random,hrl,random,40,low,log_num_candidates,ridge,r2,0.6913150428736738,10.0
hrl_random,hrl,random,40,low,timestep,ridge,r2,0.9898885488510132,1.0
hrl_random,hrl,random,40,low,green_count,ridge,r2,0.7136965394020081,1.0
hrl_random,hrl,random,40,low,green_position_0,logistic,balanced_accuracy,0.8546203606135113,10.0
hrl_random,hrl,random,40,low,green_position_1,logistic,balanced_accuracy,0.8666572398190044,10.0
hrl_random,hrl,random,40,low,green_position_2,logistic,balanced_accuracy,0.8786358568967265,10.0
hrl_random,hrl,random,40,low,green_position_3,logistic,balanced_accuracy,0.8522211144344743,100.0
hrl_random,hrl,random,40,low,green_position_4,logistic,balanced_accuracy,0.896005951686311,100.0
hrl_random,hrl,random,45,high,log_num_candidates,ridge,r2,0.602212713050282,10000.0
hrl_random,hrl,random,45,high,timestep,ridge,r2,0.9122017621994019,100.0
hrl_random,hrl,random,45,high,green_count,ridge,r2,0.661479651927948,1000.0
hrl_random,hrl,random,45,high,green_position_0,logistic,balanced_accuracy,0.8212811731647348,1.0
hrl_random,hrl,random,45,high,green_position_1,logistic,balanced_accuracy,0.8841229130909658,0.1
hrl_random,hrl,random,45,high,green_position_2,logistic,balanced_accuracy,0.8825377521029695,1.0
hrl_random,hrl,random,45,high,green_position_3,logistic,balanced_accuracy,0.8760994793397585,1.0
hrl_random,hrl,random,45,high,green_position_4,logistic,balanced_accuracy,0.8632959894192243,1.0
hrl_random,hrl,random,45,strategy,log_num_candidates,ridge,r2,0.7038565620748178,1.0
hrl_random,hrl,random,45,strategy,timestep,ridge,r2,0.9741527438163757,1.0
hrl_random,hrl,random,45,strategy,green_count,ridge,r2,0.6921582818031311,1.0
hrl_random,hrl,random,45,strategy,green_position_0,logistic,balanced_accuracy,0.7870711860437888,100.0
hrl_random,hrl,random,45,strategy,green_position_1,logistic,balanced_accuracy,0.8389374317366204,10.0
hrl_random,hrl,random,45,strategy,green_position_2,logistic,balanced_accuracy,0.8515810276679843,10.0
hrl_random,hrl,random,45,strategy,green_position_3,logistic,balanced_accuracy,0.8538606403013183,100.0
hrl_random,hrl,random,45,strategy,green_position_4,logistic,balanced_accuracy,0.8487717353250088,100.0
hrl_random,hrl,random,45,low,log_num_candidates,ridge,r2,0.6884495783435067,10.0
hrl_random,hrl,random,45,low,timestep,ridge,r2,0.9898778796195984,1.0
hrl_random,hrl,random,45,low,green_count,ridge,r2,0.7033694386482239,1.0
hrl_random,hrl,random,45,low,green_position_0,logistic,balanced_accuracy,0.8349651680131132,100.0
hrl_random,hrl,random,45,low,green_position_1,logistic,balanced_accuracy,0.8694755422062724,100.0
hrl_random,hrl,random,45,low,green_position_2,logistic,balanced_accuracy,0.8446893686024122,10.0
hrl_random,hrl,random,45,low,green_position_3,logistic,balanced_accuracy,0.8395147889664341,100.0
hrl_random,hrl,random,45,low,green_position_4,logistic,balanced_accuracy,0.8649686855720231,100.0
hrl_random,hrl,random,50,high,log_num_candidates,ridge,r2,0.6019284353943517,10000.0
hrl_random,hrl,random,50,high,timestep,ridge,r2,0.9760669469833374,100.0
hrl_random,hrl,random,50,high,green_count,ridge,r2,0.5083839297294617,10000.0
hrl_random,hrl,random,50,high,green_position_0,logistic,balanced_accuracy,0.8289793349724857,100.0
hrl_random,hrl,random,50,high,green_position_1,logistic,balanced_accuracy,0.8670326884069277,0.1
hrl_random,hrl,random,50,high,green_position_2,logistic,balanced_accuracy,0.858873011046924,1.0
hrl_random,hrl,random,50,high,green_position_3,logistic,balanced_accuracy,0.8645674088844577,1.0
hrl_random,hrl,random,50,high,green_position_4,logistic,balanced_accuracy,0.8876424709223169,0.1
hrl_random,hrl,random,50,strategy,log_num_candidates,ridge,r2,0.712850849702334,1.0
hrl_random,hrl,random,50,strategy,timestep,ridge,r2,0.9667136073112488,0.1
hrl_random,hrl,random,50,strategy,green_count,ridge,r2,0.6964370012283325,1.0
hrl_random,hrl,random,50,strategy,green_position_0,logistic,balanced_accuracy,0.7862077040159232,100.0
hrl_random,hrl,random,50,strategy,green_position_1,logistic,balanced_accuracy,0.8370211811515057,1.0
hrl_random,hrl,random,50,strategy,green_position_2,logistic,balanced_accuracy,0.8444765379547988,100.0
hrl_random,hrl,random,50,strategy,green_position_3,logistic,balanced_accuracy,0.8287969425058159,100.0
hrl_random,hrl,random,50,strategy,green_position_4,logistic,balanced_accuracy,0.8600138094682382,10.0
hrl_random,hrl,random,50,low,log_num_candidates,ridge,r2,0.6924464362823808,10.0
hrl_random,hrl,random,50,low,timestep,ridge,r2,0.9899738430976868,1.0
hrl_random,hrl,random,50,low,green_count,ridge,r2,0.7137658596038818,1.0
hrl_random,hrl,random,50,low,green_position_0,logistic,balanced_accuracy,0.8537715138742537,100.0
hrl_random,hrl,random,50,low,green_position_1,logistic,balanced_accuracy,0.874132079887658,10.0
hrl_random,hrl,random,50,low,green_position_2,logistic,balanced_accuracy,0.8559085841694537,100.0
hrl_random,hrl,random,50,low,green_position_3,logistic,balanced_accuracy,0.8562202282042761,10.0
hrl_random,hrl,random,50,low,green_position_4,logistic,balanced_accuracy,0.8936136071887034,100.0
hrl_random,hrl,random,55,high,log_num_candidates,ridge,r2,0.7235114499656725,100.0
hrl_random,hrl,random,55,high,timestep,ridge,r2,0.9766663312911987,10.0
hrl_random,hrl,random,55,high,green_count,ridge,r2,0.7333722710609436,100.0
hrl_random,hrl,random,55,high,green_position_0,logistic,balanced_accuracy,0.8101803067556492,10.0
hrl_random,hrl,random,55,high,green_position_1,logistic,balanced_accuracy,0.8812314713683882,0.1
hrl_random,hrl,random,55,high,green_position_2,logistic,balanced_accuracy,0.8444765379547988,100.0
hrl_random,hrl,random,55,high,green_position_3,logistic,balanced_accuracy,0.8440954913038662,1.0
hrl_random,hrl,random,55,high,green_position_4,logistic,balanced_accuracy,0.8957093398685183,0.1
hrl_random,hrl,random,55,strategy,log_num_candidates,ridge,r2,0.7114154895602494,1.0
hrl_random,hrl,random,55,strategy,timestep,ridge,r2,0.9660263061523438,0.1
hrl_random,hrl,random,55,strategy,green_count,ridge,r2,0.7042433023452759,1.0
hrl_random,hrl,random,55,strategy,green_position_0,logistic,balanced_accuracy,0.8067190609998829,10.0
hrl_random,hrl,random,55,strategy,green_position_1,logistic,balanced_accuracy,0.8592945467311593,1.0
hrl_random,hrl,random,55,strategy,green_position_2,logistic,balanced_accuracy,0.8259146650450999,1.0
hrl_random,hrl,random,55,strategy,green_position_3,logistic,balanced_accuracy,0.848210922787194,10.0
hrl_random,hrl,random,55,strategy,green_position_4,logistic,balanced_accuracy,0.8746012759170654,100.0
hrl_random,hrl,random,55,low,log_num_candidates,ridge,r2,0.6864435752153513,10.0
hrl_random,hrl,random,55,low,timestep,ridge,r2,0.9895579814910889,1.0
hrl_random,hrl,random,55,low,green_count,ridge,r2,0.7036572694778442,1.0
hrl_random,hrl,random,55,low,green_position_0,logistic,balanced_accuracy,0.8546423135464232,100.0
hrl_random,hrl,random,55,low,green_position_1,logistic,balanced_accuracy,0.8740199329068498,10.0
hrl_random,hrl,random,55,low,green_position_2,logistic,balanced_accuracy,0.837559541907368,1.0
hrl_random,hrl,random,55,low,green_position_3,logistic,balanced_accuracy,0.8666943613603634,100.0
hrl_random,hrl,random,55,low,green_position_4,logistic,balanced_accuracy,0.8765705838876571,10.0
hrl_random,hrl,random,60,high,log_num_candidates,ridge,r2,0.6851634827758231,1000.0
hrl_random,hrl,random,60,high,timestep,ridge,r2,0.9744112491607666,10.0
hrl_random,hrl,random,60,high,green_count,ridge,r2,0.6474801301956177,1000.0
hrl_random,hrl,random,60,high,green_position_0,logistic,balanced_accuracy,0.843482905982906,0.1
hrl_random,hrl,random,60,high,green_position_1,logistic,balanced_accuracy,0.886790060851927,0.1
hrl_random,hrl,random,60,high,green_position_2,logistic,balanced_accuracy,0.8493919124353907,0.1
hrl_random,hrl,random,60,high,green_position_3,logistic,balanced_accuracy,0.8451534286030796,10.0
hrl_random,hrl,random,60,high,green_position_4,logistic,balanced_accuracy,0.8731619792274479,10.0
hrl_random,hrl,random,60,strategy,log_num_candidates,ridge,r2,0.7089649394487417,1.0
hrl_random,hrl,random,60,strategy,timestep,ridge,r2,0.9634844064712524,0.1
hrl_random,hrl,random,60,strategy,green_count,ridge,r2,0.6997144222259521,1.0
hrl_random,hrl,random,60,strategy,green_position_0,logistic,balanced_accuracy,0.8024601920149865,100.0
hrl_random,hrl,random,60,strategy,green_position_1,logistic,balanced_accuracy,0.8585436495553128,1.0
hrl_random,hrl,random,60,strategy,green_position_2,logistic,balanced_accuracy,0.8500050673963717,100.0
hrl_random,hrl,random,60,strategy,green_position_3,logistic,balanced_accuracy,0.8250304641630664,10.0
hrl_random,hrl,random,60,strategy,green_position_4,logistic,balanced_accuracy,0.8695199751040572,10.0
hrl_random,hrl,random,60,low,log_num_candidates,ridge,r2,0.6971354208042735,10.0
hrl_random,hrl,random,60,low,timestep,ridge,r2,0.9894734621047974,1.0
hrl_random,hrl,random,60,low,green_count,ridge,r2,0.6811534762382507,1.0
hrl_random,hrl,random,60,low,green_position_0,logistic,balanced_accuracy,0.8666139796276782,100.0
hrl_random,hrl,random,60,low,green_position_1,logistic,balanced_accuracy,0.8538871118739273,10.0
hrl_random,hrl,random,60,low,green_position_2,logistic,balanced_accuracy,0.8403364751190838,100.0
hrl_random,hrl,random,60,low,green_position_3,logistic,balanced_accuracy,0.8601030242605516,100.0
hrl_random,hrl,random,60,low,green_position_4,logistic,balanced_accuracy,0.8857801377056833,100.0
hrl_random,hrl,random,65,high,log_num_candidates,ridge,r2,0.716475979526217,100.0
hrl_random,hrl,random,65,high,timestep,ridge,r2,0.971104085445404,10.0
hrl_random,hrl,random,65,high,green_count,ridge,r2,0.7277500629425049,100.0
hrl_random,hrl,random,65,high,green_position_0,logistic,balanced_accuracy,0.8272743238496663,100.0
hrl_random,hrl,random,65,high,green_position_1,logistic,balanced_accuracy,0.8737566312997347,0.1
hrl_random,hrl,random,65,high,green_position_2,logistic,balanced_accuracy,0.8241512111077328,10.0
hrl_random,hrl,random,65,high,green_position_3,logistic,balanced_accuracy,0.8618588678409216,0.1
hrl_random,hrl,random,65,high,green_position_4,logistic,balanced_accuracy,0.9039658458785544,0.1
hrl_random,hrl,random,65,strategy,log_num_candidates,ridge,r2,0.7000738641828097,1.0
hrl_random,hrl,random,65,strategy,timestep,ridge,r2,0.9558389186859131,0.1
hrl_random,hrl,random,65,strategy,green_count,ridge,r2,0.6862931251525879,1.0
hrl_random,hrl,random,65,strategy,green_position_0,logistic,balanced_accuracy,0.7990428521250439,10.0
hrl_random,hrl,random,65,strategy,green_position_1,logistic,balanced_accuracy,0.8473874629427367,1.0
hrl_random,hrl,random,65,strategy,green_position_2,logistic,balanced_accuracy,0.8253268470659776,10.0
hrl_random,hrl,random,65,strategy,green_position_3,logistic,balanced_accuracy,0.8431538717181788,10.0
hrl_random,hrl,random,65,strategy,green_position_4,logistic,balanced_accuracy,0.876040572606683,100.0
hrl_random,hrl,random,65,low,log_num_candidates,ridge,r2,0.6864645486688448,1.0
hrl_random,hrl,random,65,low,timestep,ridge,r2,0.9872403740882874,1.0
hrl_random,hrl,random,65,low,green_count,ridge,r2,0.6798257827758789,1.0
hrl_random,hrl,random,65,low,green_position_0,logistic,balanced_accuracy,0.811021835850603,10.0
hrl_random,hrl,random,65,low,green_position_1,logistic,balanced_accuracy,0.8562909580277734,10.0
hrl_random,hrl,random,65,low,green_position_2,logistic,balanced_accuracy,0.8515810276679843,10.0
hrl_random,hrl,random,65,low,green_position_3,logistic,balanced_accuracy,0.8513958125623131,10.0
hrl_random,hrl,random,65,low,green_position_4,logistic,balanced_accuracy,0.8686739020500254,100.0
hrl_random,hrl,random,70,high,log_num_candidates,ridge,r2,0.6086838668168773,10000.0
hrl_random,hrl,random,70,high,timestep,ridge,r2,0.8577408790588379,10000.0
hrl_random,hrl,random,70,high,green_count,ridge,r2,0.495794415473938,10000.0
hrl_random,hrl,random,70,high,green_position_0,logistic,balanced_accuracy,0.8109998829176912,0.1
hrl_random,hrl,random,70,high,green_position_1,logistic,balanced_accuracy,0.8794273677640818,0.1
hrl_random,hrl,random,70,high,green_position_2,logistic,balanced_accuracy,0.8312557008209183,1.0
hrl_random,hrl,random,70,high,green_position_3,logistic,balanced_accuracy,0.8568018167719065,1.0
hrl_random,hrl,random,70,high,green_position_4,logistic,balanced_accuracy,0.8551659081184113,10.0
hrl_random,hrl,random,70,strategy,log_num_candidates,ridge,r2,0.7000725121448482,1.0
hrl_random,hrl,random,70,strategy,timestep,ridge,r2,0.9499550461769104,0.1
hrl_random,hrl,random,70,strategy,green_count,ridge,r2,0.6726572513580322,1.0
hrl_random,hrl,random,70,strategy,green_position_0,logistic,balanced_accuracy,0.7947547125629317,10.0
hrl_random,hrl,random,70,strategy,green_position_1,logistic,balanced_accuracy,0.8486649633328132,1.0
hrl_random,hrl,random,70,strategy,green_position_2,logistic,balanced_accuracy,0.8290665855883247,10.0
hrl_random,hrl,random,70,strategy,green_position_3,logistic,balanced_accuracy,0.8299711975185555,10.0
hrl_random,hrl,random,70,strategy,green_position_4,logistic,balanced_accuracy,0.849428171315206,10.0
hrl_random,hrl,random,70,low,log_num_candidates,ridge,r2,0.712069643899408,10.0
hrl_random,hrl,random,70,low,timestep,ridge,r2,0.9877362847328186,1.0
hrl_random,hrl,random,70,low,green_count,ridge,r2,0.6954482197761536,1.0
hrl_random,hrl,random,70,low,green_position_0,logistic,balanced_accuracy,0.8614696756820044,100.0
hrl_random,hrl,random,70,low,green_position_1,logistic,balanced_accuracy,0.8769503822749258,10.0
hrl_random,hrl,random,70,low,green_position_2,logistic,balanced_accuracy,0.8353957636566332,100.0
hrl_random,hrl,random,70,low,green_position_3,logistic,balanced_accuracy,0.8611609615597651,100.0
hrl_random,hrl,random,70,low,green_position_4,logistic,balanced_accuracy,0.8789629283852647,100.0
hrl_random,hrl,random,75,high,log_num_candidates,ridge,r2,0.6889127490917241,1000.0
hrl_random,hrl,random,75,high,timestep,ridge,r2,0.9637750387191772,100.0
hrl_random,hrl,random,75,high,green_count,ridge,r2,0.6612494587898254,1000.0
hrl_random,hrl,random,75,high,green_position_0,logistic,balanced_accuracy,0.8032431799555086,0.01
hrl_random,hrl,random,75,high,green_position_1,logistic,balanced_accuracy,0.867408136994851,0.1
hrl_random,hrl,random,75,high,green_position_2,logistic,balanced_accuracy,0.8625874125874127,0.1
hrl_random,hrl,random,75,high,green_position_3,logistic,balanced_accuracy,0.8893873933754293,0.1
hrl_random,hrl,random,75,high,green_position_4,logistic,balanced_accuracy,0.8661113704438479,10.0
hrl_random,hrl,random,75,strategy,log_num_candidates,ridge,r2,0.6973255263487722,1.0
hrl_random,hrl,random,75,strategy,timestep,ridge,r2,0.9544147253036499,1.0
hrl_random,hrl,random,75,strategy,green_count,ridge,r2,0.674296498298645,1.0
hrl_random,hrl,random,75,strategy,green_position_0,logistic,balanced_accuracy,0.7973378410022246,10.0
hrl_random,hrl,random,75,strategy,green_position_1,logistic,balanced_accuracy,0.8390495787174286,1.0
hrl_random,hrl,random,75,strategy,green_position_2,logistic,balanced_accuracy,0.8312303638390595,10.0
hrl_random,hrl,random,75,strategy,green_position_3,logistic,balanced_accuracy,0.8493851777999335,10.0
hrl_random,hrl,random,75,strategy,green_position_4,logistic,balanced_accuracy,0.8542760726650329,10.0
hrl_random,hrl,random,75,low,log_num_candidates,ridge,r2,0.7008642384405761,10.0
hrl_random,hrl,random,75,low,timestep,ridge,r2,0.9853106141090393,1.0
hrl_random,hrl,random,75,low,green_count,ridge,r2,0.6908835172653198,1.0
hrl_random,hrl,random,75,low,green_position_0,logistic,balanced_accuracy,0.8375190258751903,100.0
hrl_random,hrl,random,75,low,green_position_1,logistic,balanced_accuracy,0.8846495163051958,10.0
hrl_random,hrl,random,75,low,green_position_2,logistic,balanced_accuracy,0.8235633931286105,10.0
hrl_random,hrl,random,75,low,green_position_3,logistic,balanced_accuracy,0.8513958125623131,10.0
hrl_random,hrl,random,75,low,green_position_4,logistic,balanced_accuracy,0.8676576418874237,100.0
hrl_random,hrl,random,80,high,log_num_candidates,ridge,r2,0.7181349985743948,100.0
hrl_random,hrl,random,80,high,timestep,ridge,r2,0.9654038548469543,100.0
hrl_random,hrl,random,80,high,green_count,ridge,r2,0.7254226207733154,100.0
hrl_random,hrl,random,80,high,green_position_0,logistic,balanced_accuracy,0.838375190258752,10.0
hrl_random,hrl,random,80,high,green_position_1,logistic,balanced_accuracy,0.8732300280855048,0.1
hrl_random,hrl,random,80,high,green_position_2,logistic,balanced_accuracy,0.8529441572919834,1.0
hrl_random,hrl,random,80,high,green_position_3,logistic,balanced_accuracy,0.8485598759277722,0.1
hrl_random,hrl,random,80,high,green_position_4,logistic,balanced_accuracy,0.8777764811140935,0.1
hrl_random,hrl,random,80,strategy,log_num_candidates,ridge,r2,0.7061451334933859,1.0
hrl_random,hrl,random,80,strategy,timestep,ridge,r2,0.9513677358627319,0.1
hrl_random,hrl,random,80,strategy,green_count,ridge,r2,0.6852167844772339,1.0
hrl_random,hrl,random,80,strategy,green_position_0,logistic,balanced_accuracy,0.8332308863130781,10.0
hrl_random,hrl,random,80,strategy,green_position_1,logistic,balanced_accuracy,0.8580560539865814,100.0
hrl_random,hrl,random,80,strategy,green_position_2,logistic,balanced_accuracy,0.8511807033546164,10.0
hrl_random,hrl,random,80,strategy,green_position_3,logistic,balanced_accuracy,0.8282042760607067,10.0
hrl_random,hrl,random,80,strategy,green_position_4,logistic,balanced_accuracy,0.8460195666549967,10.0
hrl_random,hrl,random,80,low,log_num_candidates,ridge,r2,0.6874547490407282,10.0
hrl_random,hrl,random,80,low,timestep,ridge,r2,0.98532634973526,1.0
hrl_random,hrl,random,80,low,green_count,ridge,r2,0.6785092353820801,1.0
hrl_random,hrl,random,80,low,green_position_0,logistic,balanced_accuracy,0.8460806697108068,100.0
hrl_random,hrl,random,80,low,green_position_1,logistic,balanced_accuracy,0.8685734904041192,10.0
hrl_random,hrl,random,80,low,green_position_2,logistic,balanced_accuracy,0.8525945069423331,100.0
hrl_random,hrl,random,80,low,green_position_3,logistic,balanced_accuracy,0.8376315497950593,100.0
hrl_random,hrl,random,80,low,green_position_4,logistic,balanced_accuracy,0.8556327070447738,100.0
hrl_random,hrl,random,85,high,log_num_candidates,ridge,r2,0.7116456464114334,100.0
hrl_random,hrl,random,85,high,timestep,ridge,r2,0.9604544639587402,10.0
hrl_random,hrl,random,85,high,green_count,ridge,r2,0.7194839715957642,100.0
hrl_random,hrl,random,85,high,green_position_0,logistic,balanced_accuracy,0.8383825079030558,10.0
hrl_random,hrl,random,85,high,green_position_1,logistic,balanced_accuracy,0.8693243875799657,0.1
hrl_random,hrl,random,85,high,green_position_2,logistic,balanced_accuracy,0.8470153035370427,1.0
hrl_random,hrl,random,85,high,green_position_3,logistic,balanced_accuracy,0.8431538717181788,10.0
hrl_random,hrl,random,85,high,green_position_4,logistic,balanced_accuracy,0.8781363052864979,0.1
hrl_random,hrl,random,85,strategy,log_num_candidates,ridge,r2,0.6964412035750137,1.0
hrl_random,hrl,random,85,strategy,timestep,ridge,r2,0.9447782039642334,0.1
hrl_random,hrl,random,85,strategy,green_count,ridge,r2,0.6907567977905273,1.0
hrl_random,hrl,random,85,strategy,green_position_0,logistic,balanced_accuracy,0.7930643367287202,100.0
hrl_random,hrl,random,85,strategy,green_position_1,logistic,balanced_accuracy,0.8476897721953502,10.0
hrl_random,hrl,random,85,strategy,green_position_2,logistic,balanced_accuracy,0.8503800547278808,10.0
hrl_random,hrl,random,85,strategy,green_position_3,logistic,balanced_accuracy,0.8233798604187438,10.0
hrl_random,hrl,random,85,strategy,green_position_4,logistic,balanced_accuracy,0.8563085929902361,10.0
hrl_random,hrl,random,85,low,log_num_candidates,ridge,r2,0.6803092762453979,10.0
hrl_random,hrl,random,85,low,timestep,ridge,r2,0.9855865836143494,1.0
hrl_random,hrl,random,85,low,green_count,ridge,r2,0.7129462957382202,1.0
hrl_random,hrl,random,85,low,green_position_0,logistic,balanced_accuracy,0.8511883854349608,100.0
hrl_random,hrl,random,85,low,green_position_1,logistic,balanced_accuracy,0.8793152207832735,100.0
hrl_random,hrl,random,85,low,green_position_2,logistic,balanced_accuracy,0.8293047532177967,100.0
hrl_random,hrl,random,85,low,green_position_3,logistic,balanced_accuracy,0.837282596654481,100.0
hrl_random,hrl,random,85,low,green_position_4,logistic,balanced_accuracy,0.8578548644338118,10.0
hrl_random,hrl,random,90,high,log_num_candidates,ridge,r2,0.7119240177834603,100.0
hrl_random,hrl,random,90,high,timestep,ridge,r2,0.9662744402885437,10.0
hrl_random,hrl,random,90,high,green_count,ridge,r2,0.7150242328643799,100.0
hrl_random,hrl,random,90,high,green_position_0,logistic,balanced_accuracy,0.8024601920149865,100.0
hrl_random,hrl,random,90,high,green_position_1,logistic,balanced_accuracy,0.8856637150881572,0.1
hrl_random,hrl,random,90,high,green_position_2,logistic,balanced_accuracy,0.8470406405189014,1.0
hrl_random,hrl,random,90,high,green_position_3,logistic,balanced_accuracy,0.8486761936412983,0.1
hrl_random,hrl,random,90,high,green_position_4,logistic,balanced_accuracy,0.8819047341191115,0.1
hrl_random,hrl,random,90,strategy,log_num_candidates,ridge,r2,0.6916740256114037,1.0
hrl_random,hrl,random,90,strategy,timestep,ridge,r2,0.9543288946151733,0.1
hrl_random,hrl,random,90,strategy,green_count,ridge,r2,0.6896774768829346,1.0
hrl_random,hrl,random,90,strategy,green_position_0,logistic,balanced_accuracy,0.7930570190844164,100.0
hrl_random,hrl,random,90,strategy,green_position_1,logistic,balanced_accuracy,0.8621128491184272,10.0
hrl_random,hrl,random,90,strategy,green_position_2,logistic,balanced_accuracy,0.841699604743083,10.0
hrl_random,hrl,random,90,strategy,green_position_3,logistic,balanced_accuracy,0.8611498836822865,10.0
hrl_random,hrl,random,90,strategy,green_position_4,logistic,balanced_accuracy,0.8761037849612946,10.0
hrl_random,hrl,random,90,low,log_num_candidates,ridge,r2,0.685963244966221,10.0
hrl_random,hrl,random,90,low,timestep,ridge,r2,0.9855034947395325,1.0
hrl_random,hrl,random,90,low,green_count,ridge,r2,0.7029226422309875,1.0
hrl_random,hrl,random,90,low,green_position_0,logistic,balanced_accuracy,0.847785680833626,100.0
hrl_random,hrl,random,90,low,green_position_1,logistic,balanced_accuracy,0.8764237790606959,100.0
hrl_random,hrl,random,90,low,green_position_2,logistic,balanced_accuracy,0.8375848788892266,100.0
hrl_random,hrl,random,90,low,green_position_3,logistic,balanced_accuracy,0.8737509693142793,10.0
hrl_random,hrl,random,90,low,green_position_4,logistic,balanced_accuracy,0.8500213949507915,100.0
hrl_random,hrl,random,95,high,log_num_candidates,ridge,r2,0.6673942684321246,100.0
hrl_random,hrl,random,95,high,timestep,ridge,r2,0.9563193321228027,10.0
hrl_random,hrl,random,95,high,green_count,ridge,r2,0.678678035736084,100.0
hrl_random,hrl,random,95,high,green_position_0,logistic,balanced_accuracy,0.8332235686687741,0.1
hrl_random,hrl,random,95,high,green_position_1,logistic,balanced_accuracy,0.8679347402090809,0.1
hrl_random,hrl,random,95,high,green_position_2,logistic,balanced_accuracy,0.8509932096888618,1.0
hrl_random,hrl,random,95,high,green_position_3,logistic,balanced_accuracy,0.8370388833499501,100.0
hrl_random,hrl,random,95,high,green_position_4,logistic,balanced_accuracy,0.8805286497841055,0.1
hrl_random,hrl,random,95,strategy,log_num_candidates,ridge,r2,0.6877387279074978,1.0
hrl_random,hrl,random,95,strategy,timestep,ridge,r2,0.9522265195846558,0.1
hrl_random,hrl,random,95,strategy,green_count,ridge,r2,0.6862406730651855,1.0
hrl_random,hrl,random,95,strategy,green_position_0,logistic,balanced_accuracy,0.8058628966163213,10.0
hrl_random,hrl,random,95,strategy,green_position_1,logistic,balanced_accuracy,0.847051022000312,10.0
hrl_random,hrl,random,95,strategy,green_position_2,logistic,balanced_accuracy,0.8456521739130435,10.0
hrl_random,hrl,random,95,strategy,green_position_3,logistic,balanced_accuracy,0.8344355821424615,10.0
hrl_random,hrl,random,95,strategy,green_position_4,logistic,balanced_accuracy,0.862109542148053,10.0
hrl_random,hrl,random,95,low,log_num_candidates,ridge,r2,0.6911085784657773,10.0
hrl_random,hrl,random,95,low,timestep,ridge,r2,0.9821354746818542,1.0
hrl_random,hrl,random,95,low,green_count,ridge,r2,0.7073407173156738,1.0
hrl_random,hrl,random,95,low,green_position_0,logistic,balanced_accuracy,0.8272743238496663,100.0
hrl_random,hrl,random,95,low,green_position_1,logistic,balanced_accuracy,0.8569297082228117,1.0
hrl_random,hrl,random,95,low,green_position_2,logistic,balanced_accuracy,0.8421252660383096,10.0
hrl_random,hrl,random,95,low,green_position_3,logistic,balanced_accuracy,0.8892821535393819,100.0
hrl_random,hrl,random,95,low,green_position_4,logistic,balanced_accuracy,0.8697533745672386,10.0
hrl_random,hrl,random,100,high,log_num_candidates,ridge,r2,0.695501296404081,100.0
hrl_random,hrl,random,100,high,timestep,ridge,r2,0.9575211405754089,100.0
hrl_random,hrl,random,100,high,green_count,ridge,r2,0.7094669342041016,100.0
hrl_random,hrl,random,100,high,green_position_0,logistic,balanced_accuracy,0.788783514810912,100.0
hrl_random,hrl,random,100,high,green_position_1,logistic,balanced_accuracy,0.8564421126540802,10.0
hrl_random,hrl,random,100,high,green_position_2,logistic,balanced_accuracy,0.8557210905036992,0.1
hrl_random,hrl,random,100,high,green_position_3,logistic,balanced_accuracy,0.8196133820759942,0.1
hrl_random,hrl,random,100,high,green_position_4,logistic,balanced_accuracy,0.8768234333061034,0.1
hrl_random,hrl,random,100,strategy,log_num_candidates,ridge,r2,0.683733898002425,1.0
hrl_random,hrl,random,100,strategy,timestep,ridge,r2,0.9466472864151001,0.1
hrl_random,hrl,random,100,strategy,green_count,ridge,r2,0.6830003261566162,1.0
hrl_random,hrl,random,100,strategy,green_position_0,logistic,balanced_accuracy,0.8058628966163213,10.0
hrl_random,hrl,random,100,strategy,green_position_1,logistic,balanced_accuracy,0.8522341628959276,10.0
hrl_random,hrl,random,100,strategy,green_position_2,logistic,balanced_accuracy,0.8515556906861255,10.0
hrl_random,hrl,random,100,strategy,green_position_3,logistic,balanced_accuracy,0.84749086075108,10.0
hrl_random,hrl,random,100,strategy,green_position_4,logistic,balanced_accuracy,0.857028241335045,10.0
hrl_random,hrl,random,100,low,log_num_candidates,ridge,r2,0.6868998474556778,10.0
hrl_random,hrl,random,100,low,timestep,ridge,r2,0.9826075434684753,1.0
hrl_random,hrl,random,100,low,green_count,ridge,r2,0.7065649032592773,1.0
hrl_random,hrl,random,100,low,green_position_0,logistic,balanced_accuracy,0.8366774967802365,100.0
hrl_random,hrl,random,100,low,green_position_1,logistic,balanced_accuracy,0.8522341628959276,1.0
hrl_random,hrl,random,100,low,green_position_2,logistic,balanced_accuracy,0.8352082699908787,100.0
hrl_random,hrl,random,100,low,green_position_3,logistic,balanced_accuracy,0.8385731693807467,100.0
hrl_random,hrl,random,100,low,green_position_4,logistic,balanced_accuracy,0.882371533045474,10.0
